2026-08-11 19:43:40,395 INFO apps.Account.views Home page requested: user_id=5
2026-08-11 19:43:40,479 INFO apps.Account.views Home page rendered: user_id=5 posts=20 stories=7
2026-08-11 19:44:35,986 INFO apps.Account.views Home page requested: user_id=5
2026-08-11 19:44:36,055 INFO apps.Account.views Home page rendered: user_id=5 posts=20 stories=7
2026-08-11 19:44:37,186 INFO apps.Notifications.views Unread notification count requested: user_id=5 count=0
2026-08-11 19:44:47,820 INFO apps.posts.views Post created successfully: post_id=31 user_id=5 media_count=1
2026-08-11 19:48:54,022 INFO apps.Account.views Home page requested: user_id=5
2026-08-11 19:48:54,098 INFO apps.Account.views Home page rendered: user_id=5 posts=21 stories=7
2026-08-11 19:48:54,550 INFO apps.Notifications.views Unread notification count requested: user_id=5 count=0
2026-08-11 19:48:57,341 INFO apps.posts.views Post liked: post_id=31 user_id=5
2026-08-11 19:48:59,586 INFO apps.Notifications.views Unread notification count requested: user_id=5 count=0
2026-08-11 19:49:05,426 INFO apps.Notifications.views Unread notification count requested: user_id=5 count=0
2026-08-11 19:49:10,441 INFO apps.Notifications.views Unread notification count requested: user_id=5 count=0
2026-08-11 19:49:15,425 INFO apps.Notifications.views Unread notification count requested: user_id=5 count=0
2026-08-11 19:49:20,453 INFO apps.Notifications.views Unread notification count requested: user_id=5 count=0
2026-08-11 19:49:25,419 INFO apps.Notifications.views Unread notification count requested: user_id=5 count=0
2026-08-11 19:49:30,466 INFO apps.Notifications.views Unread notification count requested: user_id=5 count=0
2026-08-11 19:49:35,418 INFO apps.Notifications.views Unread notification count requested: user_id=5 count=0
2026-08-11 19:49:40,457 INFO apps.Notifications.views Unread notification count requested: user_id=5 count=0
2026-08-11 19:49:45,449 INFO apps.Notifications.views Unread notification count requested: user_id=5 count=0
2026-08-11 19:49:50,427 INFO apps.Notifications.views Unread notification count requested: user_id=5 count=0
2026-08-11 19:49:55,422 INFO apps.Notifications.views Unread notification count requested: user_id=5 count=0
2026-08-11 19:50:34,442 INFO apps.Notifications.views Unread notification count requested: user_id=5 count=0
2026-08-12 11:02:37,342 INFO apps.Account.views Home page requested: user_id=55
2026-08-12 11:02:37,367 INFO apps.Account.views Home page rendered: user_id=55 posts=0 stories=0
2026-08-12 11:02:39,320 INFO apps.Account.views Home page requested: user_id=56
2026-08-12 11:02:39,328 INFO apps.Account.views Home page rendered: user_id=56 posts=0 stories=0
2026-08-12 11:02:41,215 INFO apps.Account.views Home page requested: user_id=57
2026-08-12 11:02:41,233 INFO apps.Account.views Home page rendered: user_id=57 posts=2 stories=0
2026-08-12 11:02:44,062 INFO apps.Account.views Home page requested: user_id=58
2026-08-12 11:02:44,072 INFO apps.Account.views Home page rendered: user_id=58 posts=0 stories=0
2026-08-12 11:02:46,882 INFO apps.Account.views Home page requested: user_id=60
2026-08-12 11:02:46,890 INFO apps.Account.views Home page rendered: user_id=60 posts=0 stories=0
2026-08-12 11:02:49,685 INFO apps.Account.views Home page requested: user_id=62
2026-08-12 11:02:49,697 INFO apps.Account.views Home page rendered: user_id=62 posts=1 stories=0
2026-08-12 11:02:51,575 INFO apps.Account.views Home page requested: user_id=64
2026-08-12 11:02:51,588 INFO apps.Account.views Home page rendered: user_id=64 posts=1 stories=0
2026-08-12 11:02:51,618 WARNING apps.Account.views Signup validation failed
2026-08-12 11:02:52,627 INFO apps.Account.views User registered successfully: user_id=65
2026-08-12 11:02:52,628 INFO apps.Account.views Queueing welcome email: user_id=65
2026-08-12 11:02:54,982 INFO apps.Account.views User registered successfully: user_id=66
2026-08-12 11:02:54,982 INFO apps.Account.views Queueing welcome email: user_id=66
2026-08-12 11:02:57,126 INFO apps.Account.views User registered successfully: user_id=67
2026-08-12 11:02:57,126 INFO apps.Account.views Queueing welcome email: user_id=67
2026-08-12 11:02:59,329 WARNING apps.Account.views Login failed: invalid credentials or form data
2026-08-12 11:03:03,998 INFO apps.Account.views User login successful: user_id=70
2026-08-12 11:03:07,043 INFO apps.Account.views User login successful: user_id=71
2026-08-12 11:03:10,140 INFO apps.Account.views User login successful: user_id=72
2026-08-12 11:03:15,168 INFO apps.Account.views User logout: user_id=74
2026-08-12 11:03:17,309 INFO apps.Account.views User logout: user_id=75
2026-08-12 11:03:19,509 INFO apps.Account.views User logout: user_id=76
2026-08-12 11:16:41,196 INFO apps.Account.views Home page requested: user_id=5
2026-08-12 11:16:41,283 INFO apps.Account.views Home page rendered: user_id=5 posts=21 stories=7
2026-08-12 11:16:41,673 INFO apps.Notifications.views Unread notification count requested: user_id=5 count=0
2026-08-12 11:26:03,363 INFO apps.Account.views Home page requested: user_id=55
2026-08-12 11:26:03,385 INFO apps.Account.views Home page rendered: user_id=55 posts=0 stories=0
2026-08-12 11:26:05,174 INFO apps.Account.views Home page requested: user_id=56
2026-08-12 11:26:05,182 INFO apps.Account.views Home page rendered: user_id=56 posts=0 stories=0
2026-08-12 11:26:06,902 INFO apps.Account.views Home page requested: user_id=57
2026-08-12 11:26:06,918 INFO apps.Account.views Home page rendered: user_id=57 posts=2 stories=0
2026-08-12 11:26:09,519 INFO apps.Account.views Home page requested: user_id=58
2026-08-12 11:26:09,527 INFO apps.Account.views Home page rendered: user_id=58 posts=0 stories=0
2026-08-12 11:26:12,099 INFO apps.Account.views Home page requested: user_id=60
2026-08-12 11:26:12,107 INFO apps.Account.views Home page rendered: user_id=60 posts=0 stories=0
2026-08-12 11:26:14,679 INFO apps.Account.views Home page requested: user_id=62
2026-08-12 11:26:14,691 INFO apps.Account.views Home page rendered: user_id=62 posts=1 stories=0
2026-08-12 11:26:16,430 INFO apps.Account.views Home page requested: user_id=64
2026-08-12 11:26:16,444 INFO apps.Account.views Home page rendered: user_id=64 posts=1 stories=0
2026-08-12 11:26:16,473 WARNING apps.Account.views Signup validation failed
2026-08-12 11:26:17,405 INFO apps.Account.views User registered successfully: user_id=65
2026-08-12 11:26:17,405 INFO apps.Account.views Queueing welcome email: user_id=65
2026-08-12 11:26:19,560 INFO apps.Account.views User registered successfully: user_id=66
2026-08-12 11:26:19,560 INFO apps.Account.views Queueing welcome email: user_id=66
2026-08-12 11:26:21,532 INFO apps.Account.views User registered successfully: user_id=67
2026-08-12 11:26:21,533 INFO apps.Account.views Queueing welcome email: user_id=67
2026-08-12 11:26:23,562 WARNING apps.Account.views Login failed: invalid credentials or form data
2026-08-12 11:26:27,863 INFO apps.Account.views User login successful: user_id=70
2026-08-12 11:26:30,701 INFO apps.Account.views User login successful: user_id=71
2026-08-12 11:26:33,533 INFO apps.Account.views User login successful: user_id=72
2026-08-12 11:26:38,119 INFO apps.Account.views User logout: user_id=74
2026-08-12 11:26:40,109 INFO apps.Account.views User logout: user_id=75
2026-08-12 11:26:42,153 INFO apps.Account.views User logout: user_id=76
2026-08-12 11:26:59,018 WARNING apps.Account.views Profile update validation failed: user_id=87
2026-08-12 11:27:00,780 WARNING apps.Account.views Profile update validation failed: user_id=88
2026-08-12 11:27:02,514 INFO apps.Account.views Profile update successful: user_id=89
2026-08-12 11:27:04,505 INFO apps.Account.views Profile update successful: user_id=90
2026-08-12 11:27:06,493 INFO apps.Account.views Profile update successful: user_id=91
2026-08-12 11:27:10,322 INFO apps.Account.views Profile update successful: user_id=93
2026-08-12 11:27:42,986 INFO apps.Notifications.views Notifications viewed: user_id=129 total=1 marked_as_read=1
2026-08-12 11:27:45,590 INFO apps.Notifications.views Notifications viewed: user_id=131 total=1 marked_as_read=1
2026-08-12 11:27:49,036 INFO apps.Notifications.views Notifications viewed: user_id=133 total=1 marked_as_read=1
2026-08-12 11:27:51,635 INFO apps.Notifications.views Unread notification count requested: user_id=136 count=2
2026-08-12 11:27:54,366 INFO apps.Notifications.views Unread notification count requested: user_id=138 count=1
2026-08-12 11:27:56,121 INFO apps.Notifications.views Unread notification count requested: user_id=139 count=0
2026-08-12 11:28:19,882 INFO apps.Stories.views Story created: story_id=7 user_id=165
2026-08-12 11:28:21,698 INFO apps.Stories.views Add story page viewed: user_id=166
2026-08-12 11:28:23,481 INFO apps.Stories.views Story list viewed: user_id=167 story_count=1
2026-08-12 11:28:25,249 INFO apps.Stories.views Story deleted: story_id=9 user_id=168
2026-08-12 11:28:42,793 INFO apps.comments.views Comments page viewed: post_id=23 user_id=186
2026-08-12 11:28:44,563 INFO apps.comments.views Comment created: comment_id=13 post_id=24 user_id=187
2026-08-12 11:28:46,339 INFO apps.comments.views Comment created: comment_id=15 post_id=25 user_id=188
2026-08-12 11:28:48,116 INFO apps.comments.views Comments page viewed: post_id=26 user_id=189
2026-08-12 11:28:49,072 WARNING apps.comments.views Unauthenticated comment submission: post_id=27
2026-08-12 11:28:50,836 INFO apps.comments.views Comment deleted: comment_id=18 post_id=28 user_id=191
2026-08-12 11:28:53,485 INFO apps.comments.views Comment deleted: comment_id=19 post_id=29 user_id=192
2026-08-12 11:28:57,451 WARNING apps.comments.views Unauthorized comment deletion attempt: comment_id=20 post_id=30 user_id=196
2026-08-12 11:29:16,243 INFO apps.posts.views Post created successfully: post_id=47 user_id=216 media_count=1
2026-08-12 11:29:17,998 WARNING apps.posts.views Post creation failed: no media uploaded, user_id=217
2026-08-12 11:29:19,740 WARNING apps.posts.views Post creation failed: unsupported file type user_id=218 file=file.svg content_type=image/svg+xml
2026-08-12 11:29:21,477 INFO apps.posts.views Post deletion authorized: post_id=48 user_id=219
2026-08-12 11:29:24,387 WARNING apps.posts.views Unauthorized post deletion attempt: post_id=49 user_id=221 owner_id=220
2026-08-12 11:29:26,136 INFO apps.posts.views Post liked: post_id=50 user_id=222
2026-08-12 11:29:27,873 INFO apps.posts.views Post unliked: post_id=51 user_id=223
2026-08-12 11:29:29,616 INFO apps.posts.views Post detail viewed: post_id=52 user_id=224
2026-08-12 11:29:31,378 INFO apps.posts.views Post edit authorized: post_id=53 user_id=225
2026-08-12 11:29:33,989 WARNING apps.posts.views Unauthorized post edit attempt: post_id=54 user_id=227 owner_id=226
2026-08-12 11:32:17,271 INFO apps.Account.views Home page requested: user_id=1
2026-08-12 11:32:17,278 INFO apps.Account.views Home page rendered: user_id=1 posts=0 stories=0
2026-08-12 11:32:19,222 INFO apps.Account.views Home page requested: user_id=2
2026-08-12 11:32:19,227 INFO apps.Account.views Home page rendered: user_id=2 posts=0 stories=0
2026-08-12 11:32:21,170 INFO apps.Account.views Home page requested: user_id=3
2026-08-12 11:32:21,183 INFO apps.Account.views Home page rendered: user_id=3 posts=2 stories=0
2026-08-12 11:32:24,079 INFO apps.Account.views Home page requested: user_id=4
2026-08-12 11:32:24,084 INFO apps.Account.views Home page rendered: user_id=4 posts=0 stories=0
2026-08-12 11:32:26,959 INFO apps.Account.views Home page requested: user_id=6
2026-08-12 11:32:26,965 INFO apps.Account.views Home page rendered: user_id=6 posts=0 stories=0
2026-08-12 11:32:29,837 INFO apps.Account.views Home page requested: user_id=8
2026-08-12 11:32:29,845 INFO apps.Account.views Home page rendered: user_id=8 posts=1 stories=0
2026-08-12 11:32:31,772 INFO apps.Account.views Home page requested: user_id=10
2026-08-12 11:32:31,781 INFO apps.Account.views Home page rendered: user_id=10 posts=1 stories=0
2026-08-12 11:32:31,801 WARNING apps.Account.views Signup validation failed
2026-08-12 11:32:32,912 INFO apps.Account.views User registered successfully: user_id=11
2026-08-12 11:32:32,912 INFO apps.Account.views Queueing welcome email: user_id=11
2026-08-12 11:32:35,093 INFO apps.Account.views User registered successfully: user_id=12
2026-08-12 11:32:35,094 INFO apps.Account.views Queueing welcome email: user_id=12
2026-08-12 11:32:37,094 INFO apps.Account.views User registered successfully: user_id=13
2026-08-12 11:32:37,094 INFO apps.Account.views Queueing welcome email: user_id=13
2026-08-12 11:32:39,148 WARNING apps.Account.views Login failed: invalid credentials or form data
2026-08-12 11:32:43,951 INFO apps.Account.views User login successful: user_id=16
2026-08-12 11:32:46,908 INFO apps.Account.views User login successful: user_id=17
2026-08-12 11:32:49,867 INFO apps.Account.views User login successful: user_id=18
2026-08-12 11:32:54,754 INFO apps.Account.views User logout: user_id=20
2026-08-12 11:32:56,769 INFO apps.Account.views User logout: user_id=21
2026-08-12 11:32:58,786 INFO apps.Account.views User logout: user_id=22
2026-08-12 11:33:17,216 WARNING apps.Account.views Profile update validation failed: user_id=33
2026-08-12 11:33:19,149 WARNING apps.Account.views Profile update validation failed: user_id=34
2026-08-12 11:33:21,136 INFO apps.Account.views Profile update successful: user_id=35
2026-08-12 11:33:23,175 INFO apps.Account.views Profile update successful: user_id=36
2026-08-12 11:33:25,205 INFO apps.Account.views Profile update successful: user_id=37
2026-08-12 11:33:29,204 INFO apps.Account.views Profile update successful: user_id=39
2026-08-12 11:36:04,064 INFO apps.Account.views Home page requested: user_id=1
2026-08-12 11:36:04,072 INFO apps.Account.views Home page rendered: user_id=1 posts=0 stories=0
2026-08-12 11:36:06,024 INFO apps.Account.views Home page requested: user_id=2
2026-08-12 11:36:06,029 INFO apps.Account.views Home page rendered: user_id=2 posts=0 stories=0
2026-08-12 11:36:07,960 INFO apps.Account.views Home page requested: user_id=3
2026-08-12 11:36:07,972 INFO apps.Account.views Home page rendered: user_id=3 posts=2 stories=0
2026-08-12 11:36:10,888 INFO apps.Account.views Home page requested: user_id=4
2026-08-12 11:36:10,894 INFO apps.Account.views Home page rendered: user_id=4 posts=0 stories=0
2026-08-12 11:36:13,775 INFO apps.Account.views Home page requested: user_id=6
2026-08-12 11:36:13,780 INFO apps.Account.views Home page rendered: user_id=6 posts=0 stories=0
2026-08-12 11:36:16,661 INFO apps.Account.views Home page requested: user_id=8
2026-08-12 11:36:16,669 INFO apps.Account.views Home page rendered: user_id=8 posts=1 stories=0
2026-08-12 11:36:18,600 INFO apps.Account.views Home page requested: user_id=10
2026-08-12 11:36:18,608 INFO apps.Account.views Home page rendered: user_id=10 posts=1 stories=0
2026-08-12 11:36:18,626 WARNING apps.Account.views Signup validation failed
2026-08-12 11:36:19,730 INFO apps.Account.views User registered successfully: user_id=11
2026-08-12 11:36:19,730 INFO apps.Account.views Queueing welcome email: user_id=11
2026-08-12 11:36:21,916 INFO apps.Account.views User registered successfully: user_id=12
2026-08-12 11:36:21,916 INFO apps.Account.views Queueing welcome email: user_id=12
2026-08-12 11:36:23,924 INFO apps.Account.views User registered successfully: user_id=13
2026-08-12 11:36:23,924 INFO apps.Account.views Queueing welcome email: user_id=13
2026-08-12 11:36:25,992 WARNING apps.Account.views Login failed: invalid credentials or form data
2026-08-12 11:36:30,809 INFO apps.Account.views User login successful: user_id=16
2026-08-12 11:36:33,776 INFO apps.Account.views User login successful: user_id=17
2026-08-12 11:36:36,756 INFO apps.Account.views User login successful: user_id=18
2026-08-12 11:36:41,643 INFO apps.Account.views User logout: user_id=20
2026-08-12 11:36:43,666 INFO apps.Account.views User logout: user_id=21
2026-08-12 11:36:45,690 INFO apps.Account.views User logout: user_id=22
2026-08-12 11:37:04,230 WARNING apps.Account.views Profile update validation failed: user_id=33
2026-08-12 11:37:06,164 WARNING apps.Account.views Profile update validation failed: user_id=34
2026-08-12 11:37:08,137 INFO apps.Account.views Profile update successful: user_id=35
2026-08-12 11:37:10,168 INFO apps.Account.views Profile update successful: user_id=36
2026-08-12 11:37:12,197 INFO apps.Account.views Profile update successful: user_id=37
2026-08-12 11:37:16,178 INFO apps.Account.views Profile update successful: user_id=39
2026-08-12 11:37:50,803 INFO apps.Account.views Home page requested: user_id=1
2026-08-12 11:37:50,811 INFO apps.Account.views Home page rendered: user_id=1 posts=0 stories=0
2026-08-12 11:37:52,755 INFO apps.Account.views Home page requested: user_id=2
2026-08-12 11:37:52,761 INFO apps.Account.views Home page rendered: user_id=2 posts=0 stories=0
2026-08-12 11:37:54,694 INFO apps.Account.views Home page requested: user_id=3
2026-08-12 11:37:54,706 INFO apps.Account.views Home page rendered: user_id=3 posts=2 stories=0
2026-08-12 11:37:57,618 INFO apps.Account.views Home page requested: user_id=4
2026-08-12 11:37:57,624 INFO apps.Account.views Home page rendered: user_id=4 posts=0 stories=0
2026-08-12 11:38:00,493 INFO apps.Account.views Home page requested: user_id=6
2026-08-12 11:38:00,499 INFO apps.Account.views Home page rendered: user_id=6 posts=0 stories=0
2026-08-12 11:38:03,371 INFO apps.Account.views Home page requested: user_id=8
2026-08-12 11:38:03,379 INFO apps.Account.views Home page rendered: user_id=8 posts=1 stories=0
2026-08-12 11:38:05,330 INFO apps.Account.views Home page requested: user_id=10
2026-08-12 11:38:05,339 INFO apps.Account.views Home page rendered: user_id=10 posts=1 stories=0
2026-08-12 11:38:05,357 WARNING apps.Account.views Signup validation failed
2026-08-12 11:38:06,468 INFO apps.Account.views User registered successfully: user_id=11
2026-08-12 11:38:06,468 INFO apps.Account.views Queueing welcome email: user_id=11
2026-08-12 11:38:08,662 INFO apps.Account.views User registered successfully: user_id=12
2026-08-12 11:38:08,662 INFO apps.Account.views Queueing welcome email: user_id=12
2026-08-12 11:38:10,665 INFO apps.Account.views User registered successfully: user_id=13
2026-08-12 11:38:10,665 INFO apps.Account.views Queueing welcome email: user_id=13
2026-08-12 11:38:12,717 WARNING apps.Account.views Login failed: invalid credentials or form data
2026-08-12 11:38:17,501 INFO apps.Account.views User login successful: user_id=16
2026-08-12 11:38:20,465 INFO apps.Account.views User login successful: user_id=17
2026-08-12 11:38:23,430 INFO apps.Account.views User login successful: user_id=18
2026-08-12 11:38:28,348 INFO apps.Account.views User logout: user_id=20
2026-08-12 11:38:30,369 INFO apps.Account.views User logout: user_id=21
2026-08-12 11:38:32,385 INFO apps.Account.views User logout: user_id=22
2026-08-12 11:38:50,817 WARNING apps.Account.views Profile update validation failed: user_id=33
2026-08-12 11:38:52,763 WARNING apps.Account.views Profile update validation failed: user_id=34
2026-08-12 11:38:54,726 INFO apps.Account.views Profile update successful: user_id=35
2026-08-12 11:38:56,755 INFO apps.Account.views Profile update successful: user_id=36
2026-08-12 11:38:58,783 INFO apps.Account.views Profile update successful: user_id=37
2026-08-12 11:39:02,848 INFO apps.Account.views Profile update successful: user_id=39
2026-08-12 11:42:57,032 INFO apps.Account.views Home page requested: user_id=1
2026-08-12 11:42:57,040 INFO apps.Account.views Home page rendered: user_id=1 posts=0 stories=0
2026-08-12 11:42:58,993 INFO apps.Account.views Home page requested: user_id=2
2026-08-12 11:42:58,998 INFO apps.Account.views Home page rendered: user_id=2 posts=0 stories=0
2026-08-12 11:43:00,913 INFO apps.Account.views Home page requested: user_id=3
2026-08-12 11:43:00,925 INFO apps.Account.views Home page rendered: user_id=3 posts=2 stories=0
2026-08-12 11:43:03,816 INFO apps.Account.views Home page requested: user_id=4
2026-08-12 11:43:03,822 INFO apps.Account.views Home page rendered: user_id=4 posts=0 stories=0
2026-08-12 11:43:06,691 INFO apps.Account.views Home page requested: user_id=6
2026-08-12 11:43:06,697 INFO apps.Account.views Home page rendered: user_id=6 posts=0 stories=0
2026-08-12 11:43:09,568 INFO apps.Account.views Home page requested: user_id=8
2026-08-12 11:43:09,577 INFO apps.Account.views Home page rendered: user_id=8 posts=1 stories=0
2026-08-12 11:43:11,506 INFO apps.Account.views Home page requested: user_id=10
2026-08-12 11:43:11,514 INFO apps.Account.views Home page rendered: user_id=10 posts=1 stories=0
2026-08-12 11:43:11,534 WARNING apps.Account.views Signup validation failed
2026-08-12 11:43:12,643 INFO apps.Account.views User registered successfully: user_id=11
2026-08-12 11:43:12,643 INFO apps.Account.views Queueing welcome email: user_id=11
2026-08-12 11:43:14,831 INFO apps.Account.views User registered successfully: user_id=12
2026-08-12 11:43:14,831 INFO apps.Account.views Queueing welcome email: user_id=12
2026-08-12 11:43:16,849 INFO apps.Account.views User registered successfully: user_id=13
2026-08-12 11:43:16,849 INFO apps.Account.views Queueing welcome email: user_id=13
2026-08-12 11:43:18,897 WARNING apps.Account.views Login failed: invalid credentials or form data
2026-08-12 11:43:23,689 INFO apps.Account.views User login successful: user_id=16
2026-08-12 11:43:26,726 INFO apps.Account.views User login successful: user_id=17
2026-08-12 11:43:29,668 INFO apps.Account.views User login successful: user_id=18
2026-08-12 11:43:34,546 INFO apps.Account.views User logout: user_id=20
2026-08-12 11:43:36,590 INFO apps.Account.views User logout: user_id=21
2026-08-12 11:43:38,588 INFO apps.Account.views User logout: user_id=22
2026-08-12 11:43:57,198 WARNING apps.Account.views Profile update validation failed: user_id=33
2026-08-12 11:43:59,176 WARNING apps.Account.views Profile update validation failed: user_id=34
2026-08-12 11:44:01,214 INFO apps.Account.views Profile update successful: user_id=35
2026-08-12 11:44:03,233 INFO apps.Account.views Profile update successful: user_id=36
2026-08-12 11:44:12,999 INFO apps.Account.views Home page requested: user_id=1
2026-08-12 11:44:13,006 INFO apps.Account.views Home page rendered: user_id=1 posts=0 stories=0
2026-08-12 11:44:14,955 INFO apps.Account.views Home page requested: user_id=2
2026-08-12 11:44:14,960 INFO apps.Account.views Home page rendered: user_id=2 posts=0 stories=0
2026-08-12 11:44:16,904 INFO apps.Account.views Home page requested: user_id=3
2026-08-12 11:44:16,915 INFO apps.Account.views Home page rendered: user_id=3 posts=2 stories=0
2026-08-12 11:44:19,812 INFO apps.Account.views Home page requested: user_id=4
2026-08-12 11:44:19,817 INFO apps.Account.views Home page rendered: user_id=4 posts=0 stories=0
2026-08-12 11:44:22,698 INFO apps.Account.views Home page requested: user_id=6
2026-08-12 11:44:22,704 INFO apps.Account.views Home page rendered: user_id=6 posts=0 stories=0
2026-08-12 11:44:25,591 INFO apps.Account.views Home page requested: user_id=8
2026-08-12 11:44:25,599 INFO apps.Account.views Home page rendered: user_id=8 posts=1 stories=0
2026-08-12 11:44:27,544 INFO apps.Account.views Home page requested: user_id=10
2026-08-12 11:44:27,552 INFO apps.Account.views Home page rendered: user_id=10 posts=1 stories=0
2026-08-12 11:44:27,573 WARNING apps.Account.views Signup validation failed
2026-08-12 11:44:28,688 INFO apps.Account.views User registered successfully: user_id=11
2026-08-12 11:44:28,689 INFO apps.Account.views Queueing welcome email: user_id=11
2026-08-12 11:44:30,618 INFO apps.Account.views User registered successfully: user_id=12
2026-08-12 11:44:30,618 INFO apps.Account.views Queueing welcome email: user_id=12
2026-08-12 11:44:31,577 INFO apps.Account.views Home page requested: user_id=12
2026-08-12 11:44:31,583 INFO apps.Account.views Home page rendered: user_id=12 posts=0 stories=0
2026-08-12 11:44:32,551 INFO apps.Account.views User registered successfully: user_id=13
2026-08-12 11:44:32,551 INFO apps.Account.views Queueing welcome email: user_id=13
2026-08-12 11:44:33,510 INFO apps.Account.views Home page requested: user_id=13
2026-08-12 11:44:33,516 INFO apps.Account.views Home page rendered: user_id=13 posts=0 stories=0
2026-08-12 11:44:34,530 WARNING apps.Account.views Login failed: invalid credentials or form data
2026-08-12 11:44:39,326 INFO apps.Account.views User login successful: user_id=16
2026-08-12 11:44:42,199 INFO apps.Account.views User login successful: user_id=17
2026-08-12 11:44:42,204 INFO apps.Account.views Home page requested: user_id=17
2026-08-12 11:44:42,210 INFO apps.Account.views Home page rendered: user_id=17 posts=0 stories=0
2026-08-12 11:44:45,077 INFO apps.Account.views User login successful: user_id=18
2026-08-12 11:44:45,082 INFO apps.Account.views Home page requested: user_id=18
2026-08-12 11:44:45,087 INFO apps.Account.views Home page rendered: user_id=18 posts=0 stories=0
2026-08-12 11:44:49,905 INFO apps.Account.views User logout: user_id=20
2026-08-12 11:44:51,829 INFO apps.Account.views User logout: user_id=21
2026-08-12 11:44:53,748 INFO apps.Account.views User logout: user_id=22
2026-08-12 11:44:53,751 WARNING apps.Account.views Login failed: invalid credentials or form data
2026-08-12 11:45:12,127 WARNING apps.Account.views Profile update validation failed: user_id=33
2026-08-12 11:45:14,058 WARNING apps.Account.views Profile update validation failed: user_id=34
2026-08-12 11:45:16,032 INFO apps.Account.views Profile update successful: user_id=35
2026-08-12 11:45:17,956 INFO apps.Account.views Profile update successful: user_id=36
2026-08-12 11:45:19,885 INFO apps.Account.views Profile update successful: user_id=37
2026-08-12 11:45:23,762 INFO apps.Account.views Profile update successful: user_id=39
2026-08-12 11:46:37,076 INFO apps.Account.views Home page requested: user_id=55
2026-08-12 11:46:37,101 INFO apps.Account.views Home page rendered: user_id=55 posts=0 stories=0
2026-08-12 11:46:39,106 INFO apps.Account.views Home page requested: user_id=56
2026-08-12 11:46:39,118 INFO apps.Account.views Home page rendered: user_id=56 posts=0 stories=0
2026-08-12 11:46:41,056 INFO apps.Account.views Home page requested: user_id=57
2026-08-12 11:46:41,074 INFO apps.Account.views Home page rendered: user_id=57 posts=2 stories=0
2026-08-12 11:46:43,995 INFO apps.Account.views Home page requested: user_id=58
2026-08-12 11:46:44,005 INFO apps.Account.views Home page rendered: user_id=58 posts=0 stories=0
2026-08-12 11:46:46,904 INFO apps.Account.views Home page requested: user_id=60
2026-08-12 11:46:46,914 INFO apps.Account.views Home page rendered: user_id=60 posts=0 stories=0
2026-08-12 11:46:49,820 INFO apps.Account.views Home page requested: user_id=62
2026-08-12 11:46:49,833 INFO apps.Account.views Home page rendered: user_id=62 posts=1 stories=0
2026-08-12 11:46:51,804 INFO apps.Account.views Home page requested: user_id=64
2026-08-12 11:46:51,817 INFO apps.Account.views Home page rendered: user_id=64 posts=1 stories=0
2026-08-12 11:46:51,846 WARNING apps.Account.views Signup validation failed
2026-08-12 11:46:52,872 INFO apps.Account.views User registered successfully: user_id=65
2026-08-12 11:46:52,872 INFO apps.Account.views Queueing welcome email: user_id=65
2026-08-12 11:46:54,801 INFO apps.Account.views User registered successfully: user_id=66
2026-08-12 11:46:54,802 INFO apps.Account.views Queueing welcome email: user_id=66
2026-08-12 11:46:55,766 INFO apps.Account.views Home page requested: user_id=66
2026-08-12 11:46:55,774 INFO apps.Account.views Home page rendered: user_id=66 posts=0 stories=0
2026-08-12 11:46:56,751 INFO apps.Account.views User registered successfully: user_id=67
2026-08-12 11:46:56,751 INFO apps.Account.views Queueing welcome email: user_id=67
2026-08-12 11:46:57,714 INFO apps.Account.views Home page requested: user_id=67
2026-08-12 11:46:57,723 INFO apps.Account.views Home page rendered: user_id=67 posts=0 stories=0
2026-08-12 11:46:58,769 WARNING apps.Account.views Login failed: invalid credentials or form data
2026-08-12 11:47:03,608 INFO apps.Account.views User login successful: user_id=70
2026-08-12 11:47:06,477 INFO apps.Account.views User login successful: user_id=71
2026-08-12 11:47:06,485 INFO apps.Account.views Home page requested: user_id=71
2026-08-12 11:47:06,493 INFO apps.Account.views Home page rendered: user_id=71 posts=0 stories=0
2026-08-12 11:47:09,368 INFO apps.Account.views User login successful: user_id=72
2026-08-12 11:47:09,377 INFO apps.Account.views Home page requested: user_id=72
2026-08-12 11:47:09,385 INFO apps.Account.views Home page rendered: user_id=72 posts=0 stories=0
2026-08-12 11:47:14,198 INFO apps.Account.views User logout: user_id=74
2026-08-12 11:47:16,150 INFO apps.Account.views User logout: user_id=75
2026-08-12 11:47:18,087 INFO apps.Account.views User logout: user_id=76
2026-08-12 11:47:18,092 WARNING apps.Account.views Login failed: invalid credentials or form data
2026-08-12 11:47:36,648 WARNING apps.Account.views Profile update validation failed: user_id=87
2026-08-12 11:47:38,613 WARNING apps.Account.views Profile update validation failed: user_id=88
2026-08-12 11:47:40,572 INFO apps.Account.views Profile update successful: user_id=89
2026-08-12 11:47:42,528 INFO apps.Account.views Profile update successful: user_id=90
2026-08-12 11:47:44,471 INFO apps.Account.views Profile update successful: user_id=91
2026-08-12 11:47:48,385 INFO apps.Account.views Profile update successful: user_id=93
2026-08-12 11:48:24,885 INFO apps.Notifications.views Notifications viewed: user_id=129 total=1 marked_as_read=1
2026-08-12 11:48:27,779 INFO apps.Notifications.views Notifications viewed: user_id=131 total=1 marked_as_read=1
2026-08-12 11:48:31,634 INFO apps.Notifications.views Notifications viewed: user_id=133 total=1 marked_as_read=1
2026-08-12 11:48:34,553 INFO apps.Notifications.views Unread notification count requested: user_id=136 count=2
2026-08-12 11:48:37,469 INFO apps.Notifications.views Unread notification count requested: user_id=138 count=1
2026-08-12 11:48:39,411 INFO apps.Notifications.views Unread notification count requested: user_id=139 count=0
2026-08-12 11:49:05,537 INFO apps.Stories.views Story created: story_id=7 user_id=165
2026-08-12 11:49:07,474 INFO apps.Stories.views Add story page viewed: user_id=166
2026-08-12 11:49:09,409 INFO apps.Stories.views Story list viewed: user_id=167 story_count=1
2026-08-12 11:49:11,352 INFO apps.Stories.views Story deleted: story_id=9 user_id=168
2026-08-12 11:49:30,752 INFO apps.comments.views Comments page viewed: post_id=23 user_id=186
2026-08-12 11:49:32,714 INFO apps.comments.views Comment created: comment_id=13 post_id=24 user_id=187
2026-08-12 11:49:34,642 INFO apps.comments.views Comment created: comment_id=15 post_id=25 user_id=188
2026-08-12 11:49:36,586 INFO apps.comments.views Comments page viewed: post_id=26 user_id=189
2026-08-12 11:49:37,570 WARNING apps.comments.views Unauthenticated comment submission: post_id=27
2026-08-12 11:49:39,511 INFO apps.comments.views Comment deleted: comment_id=18 post_id=28 user_id=191
2026-08-12 11:49:42,705 INFO apps.comments.views Comment deleted: comment_id=19 post_id=29 user_id=192
2026-08-12 11:49:47,012 WARNING apps.comments.views Unauthorized comment deletion attempt: comment_id=20 post_id=30 user_id=196
2026-08-12 11:50:07,458 INFO apps.posts.views Post created successfully: post_id=47 user_id=216 media_count=1
2026-08-12 11:50:09,393 WARNING apps.posts.views Post creation failed: no media uploaded, user_id=217
2026-08-12 11:50:11,470 WARNING apps.posts.views Post creation failed: unsupported file type user_id=218 file=file.svg content_type=image/svg+xml
2026-08-12 11:50:13,414 INFO apps.posts.views Post deletion authorized: post_id=48 user_id=219
2026-08-12 11:50:16,327 WARNING apps.posts.views Unauthorized post deletion attempt: post_id=49 user_id=221 owner_id=220
2026-08-12 11:50:18,280 INFO apps.posts.views Post liked: post_id=50 user_id=222
2026-08-12 11:50:20,236 INFO apps.posts.views Post unliked: post_id=51 user_id=223
2026-08-12 11:50:22,181 INFO apps.posts.views Post detail viewed: post_id=52 user_id=224
2026-08-12 11:50:24,156 INFO apps.posts.views Post edit authorized: post_id=53 user_id=225
2026-08-12 11:50:27,352 WARNING apps.posts.views Unauthorized post edit attempt: post_id=54 user_id=227 owner_id=226
2026-08-12 12:05:01,135 INFO apps.Account.views Home page requested: user_id=31
2026-08-12 12:05:01,141 INFO apps.Account.views Home page rendered: user_id=31 posts=0 stories=0
2026-08-12 12:05:03,093 INFO apps.Account.views Home page requested: user_id=32
2026-08-12 12:05:03,099 INFO apps.Account.views Home page rendered: user_id=32 posts=0 stories=0
2026-08-12 12:05:05,100 INFO apps.Account.views Home page requested: user_id=33
2026-08-12 12:05:05,111 INFO apps.Account.views Home page rendered: user_id=33 posts=2 stories=0
2026-08-12 12:05:07,968 INFO apps.Account.views Home page requested: user_id=34
2026-08-12 12:05:07,974 INFO apps.Account.views Home page rendered: user_id=34 posts=0 stories=0
2026-08-12 12:05:10,841 INFO apps.Account.views Home page requested: user_id=36
2026-08-12 12:05:10,846 INFO apps.Account.views Home page rendered: user_id=36 posts=0 stories=0
2026-08-12 12:05:13,718 INFO apps.Account.views Home page requested: user_id=38
2026-08-12 12:05:13,727 INFO apps.Account.views Home page rendered: user_id=38 posts=1 stories=0
2026-08-12 12:05:15,669 INFO apps.Account.views Home page requested: user_id=40
2026-08-12 12:05:15,678 INFO apps.Account.views Home page rendered: user_id=40 posts=1 stories=0
2026-08-12 12:05:15,696 WARNING apps.Account.views Signup validation failed
2026-08-12 12:05:16,738 INFO apps.Account.views User registered successfully: user_id=41
2026-08-12 12:05:16,738 INFO apps.Account.views Queueing welcome email: user_id=41
2026-08-12 12:05:18,656 INFO apps.Account.views User registered successfully: user_id=42
2026-08-12 12:05:18,656 INFO apps.Account.views Queueing welcome email: user_id=42
2026-08-12 12:05:19,609 INFO apps.Account.views Home page requested: user_id=42
2026-08-12 12:05:19,614 INFO apps.Account.views Home page rendered: user_id=42 posts=0 stories=0
2026-08-12 12:05:20,579 INFO apps.Account.views User registered successfully: user_id=43
2026-08-12 12:05:20,580 INFO apps.Account.views Queueing welcome email: user_id=43
2026-08-12 12:05:21,536 INFO apps.Account.views Home page requested: user_id=43
2026-08-12 12:05:21,542 INFO apps.Account.views Home page rendered: user_id=43 posts=0 stories=0
2026-08-12 12:05:22,549 WARNING apps.Account.views Login failed: invalid credentials or form data
2026-08-12 12:05:27,336 INFO apps.Account.views User login successful: user_id=46
2026-08-12 12:05:30,188 INFO apps.Account.views User login successful: user_id=47
2026-08-12 12:05:30,193 INFO apps.Account.views Home page requested: user_id=47
2026-08-12 12:05:30,199 INFO apps.Account.views Home page rendered: user_id=47 posts=0 stories=0
2026-08-12 12:05:33,059 INFO apps.Account.views User login successful: user_id=48
2026-08-12 12:05:33,064 INFO apps.Account.views Home page requested: user_id=48
2026-08-12 12:05:33,070 INFO apps.Account.views Home page rendered: user_id=48 posts=0 stories=0
2026-08-12 12:05:37,855 INFO apps.Account.views User logout: user_id=50
2026-08-12 12:05:39,768 INFO apps.Account.views User logout: user_id=51
2026-08-12 12:05:41,729 INFO apps.Account.views User logout: user_id=52
2026-08-12 12:05:41,732 WARNING apps.Account.views Login failed: invalid credentials or form data
2026-08-12 12:06:00,016 WARNING apps.Account.views Profile update validation failed: user_id=63
2026-08-12 12:06:01,939 WARNING apps.Account.views Profile update validation failed: user_id=64
2026-08-12 12:06:03,919 INFO apps.Account.views Profile update successful: user_id=65
2026-08-12 12:06:05,842 INFO apps.Account.views Profile update successful: user_id=66
2026-08-12 12:06:07,765 INFO apps.Account.views Profile update successful: user_id=67
2026-08-12 12:06:11,625 INFO apps.Account.views Profile update successful: user_id=69
2026-08-12 12:10:53,552 INFO apps.Account.views Home page requested: user_id=31
2026-08-12 12:10:53,582 INFO apps.Account.views Home page rendered: user_id=31 posts=0 stories=0
2026-08-12 12:10:55,592 INFO apps.Account.views Home page requested: user_id=32
2026-08-12 12:10:55,601 INFO apps.Account.views Home page rendered: user_id=32 posts=0 stories=0
2026-08-12 12:10:57,537 INFO apps.Account.views Home page requested: user_id=33
2026-08-12 12:10:57,557 INFO apps.Account.views Home page rendered: user_id=33 posts=2 stories=0
2026-08-12 12:11:00,491 INFO apps.Account.views Home page requested: user_id=34
2026-08-12 12:11:00,499 INFO apps.Account.views Home page rendered: user_id=34 posts=0 stories=0
2026-08-12 12:11:03,384 INFO apps.Account.views Home page requested: user_id=36
2026-08-12 12:11:03,392 INFO apps.Account.views Home page rendered: user_id=36 posts=0 stories=0
2026-08-12 12:11:06,279 INFO apps.Account.views Home page requested: user_id=38
2026-08-12 12:11:06,292 INFO apps.Account.views Home page rendered: user_id=38 posts=1 stories=0
2026-08-12 12:11:08,244 INFO apps.Account.views Home page requested: user_id=40
2026-08-12 12:11:08,256 INFO apps.Account.views Home page rendered: user_id=40 posts=1 stories=0
2026-08-12 12:11:08,288 WARNING apps.Account.views Signup validation failed
2026-08-12 12:11:09,495 INFO apps.Account.views User registered successfully: user_id=41
2026-08-12 12:11:09,496 INFO apps.Account.views Queueing welcome email: user_id=41
2026-08-12 12:11:11,435 INFO apps.Account.views User registered successfully: user_id=42
2026-08-12 12:11:11,436 INFO apps.Account.views Queueing welcome email: user_id=42
2026-08-12 12:11:12,401 INFO apps.Account.views Home page requested: user_id=42
2026-08-12 12:11:12,409 INFO apps.Account.views Home page rendered: user_id=42 posts=0 stories=0
2026-08-12 12:11:13,386 INFO apps.Account.views User registered successfully: user_id=43
2026-08-12 12:11:13,386 INFO apps.Account.views Queueing welcome email: user_id=43
2026-08-12 12:11:14,351 INFO apps.Account.views Home page requested: user_id=43
2026-08-12 12:11:14,359 INFO apps.Account.views Home page rendered: user_id=43 posts=0 stories=0
2026-08-12 12:11:15,408 WARNING apps.Account.views Login failed: invalid credentials or form data
2026-08-12 12:11:20,227 INFO apps.Account.views User login successful: user_id=46
2026-08-12 12:11:23,111 INFO apps.Account.views User login successful: user_id=47
2026-08-12 12:11:23,120 INFO apps.Account.views Home page requested: user_id=47
2026-08-12 12:11:23,128 INFO apps.Account.views Home page rendered: user_id=47 posts=0 stories=0
2026-08-12 12:11:26,013 INFO apps.Account.views User login successful: user_id=48
2026-08-12 12:11:26,021 INFO apps.Account.views Home page requested: user_id=48
2026-08-12 12:11:26,030 INFO apps.Account.views Home page rendered: user_id=48 posts=0 stories=0
2026-08-12 12:11:30,849 INFO apps.Account.views User logout: user_id=50
2026-08-12 12:11:32,800 INFO apps.Account.views User logout: user_id=51
2026-08-12 12:11:34,716 INFO apps.Account.views User logout: user_id=52
2026-08-12 12:11:34,721 WARNING apps.Account.views Login failed: invalid credentials or form data
2026-08-12 12:11:53,107 WARNING apps.Account.views Profile update validation failed: user_id=63
2026-08-12 12:11:55,059 WARNING apps.Account.views Profile update validation failed: user_id=64
2026-08-12 12:11:57,162 INFO apps.Account.views Profile update successful: user_id=65
2026-08-12 12:11:59,109 INFO apps.Account.views Profile update successful: user_id=66
2026-08-12 12:12:01,047 INFO apps.Account.views Profile update successful: user_id=67
2026-08-12 12:12:04,947 INFO apps.Account.views Profile update successful: user_id=69
2026-08-12 12:12:40,826 INFO apps.Notifications.views Notifications viewed: user_id=105 total=1 marked_as_read=1
2026-08-12 12:12:43,733 INFO apps.Notifications.views Notifications viewed: user_id=107 total=1 marked_as_read=1
2026-08-12 12:12:47,585 INFO apps.Notifications.views Notifications viewed: user_id=109 total=1 marked_as_read=1
2026-08-12 12:12:50,751 INFO apps.Notifications.views Unread notification count requested: user_id=112 count=2
2026-08-12 12:12:53,634 INFO apps.Notifications.views Unread notification count requested: user_id=114 count=1
2026-08-12 12:12:55,566 INFO apps.Notifications.views Unread notification count requested: user_id=115 count=0
2026-08-12 12:13:21,678 INFO apps.Stories.views Story created: story_id=7 user_id=141
2026-08-12 12:13:23,614 INFO apps.Stories.views Add story page viewed: user_id=142
2026-08-12 12:13:25,552 INFO apps.Stories.views Story list viewed: user_id=143 story_count=1
2026-08-12 12:13:27,492 INFO apps.Stories.views Story deleted: story_id=9 user_id=144
2026-08-12 12:13:46,840 INFO apps.comments.views Comments page viewed: post_id=23 user_id=162
2026-08-12 12:13:48,783 INFO apps.comments.views Comment created: comment_id=13 post_id=24 user_id=163
2026-08-12 12:13:50,725 INFO apps.comments.views Comment created: comment_id=15 post_id=25 user_id=164
2026-08-12 12:13:52,663 INFO apps.comments.views Comments page viewed: post_id=26 user_id=165
2026-08-12 12:13:53,655 WARNING apps.comments.views Unauthenticated comment submission: post_id=27
2026-08-12 12:13:55,607 INFO apps.comments.views Comment deleted: comment_id=18 post_id=28 user_id=167
2026-08-12 12:13:58,512 INFO apps.comments.views Comment deleted: comment_id=19 post_id=29 user_id=168
2026-08-12 12:14:02,426 WARNING apps.comments.views Unauthorized comment deletion attempt: comment_id=20 post_id=30 user_id=172
2026-08-12 12:14:23,026 INFO apps.posts.views Post created successfully: post_id=47 user_id=192 media_count=1
2026-08-12 12:14:24,965 WARNING apps.posts.views Post creation failed: no media uploaded, user_id=193
2026-08-12 12:14:26,906 WARNING apps.posts.views Post creation failed: unsupported file type user_id=194 file=file.svg content_type=image/svg+xml
2026-08-12 12:14:28,842 INFO apps.posts.views Post deletion authorized: post_id=48 user_id=195
2026-08-12 12:14:31,749 WARNING apps.posts.views Unauthorized post deletion attempt: post_id=49 user_id=197 owner_id=196
2026-08-12 12:14:33,697 INFO apps.posts.views Post liked: post_id=50 user_id=198
2026-08-12 12:14:35,636 INFO apps.posts.views Post unliked: post_id=51 user_id=199
2026-08-12 12:14:37,569 INFO apps.posts.views Post detail viewed: post_id=52 user_id=200
2026-08-12 12:14:39,527 INFO apps.posts.views Post edit authorized: post_id=53 user_id=201
2026-08-12 12:14:42,418 WARNING apps.posts.views Unauthorized post edit attempt: post_id=54 user_id=203 owner_id=202
2026-08-12 12:18:53,262 INFO apps.Account.views Home page requested: user_id=31
2026-08-12 12:18:53,291 INFO apps.Account.views Home page rendered: user_id=31 posts=0 stories=0
2026-08-12 12:18:55,303 INFO apps.Account.views Home page requested: user_id=32
2026-08-12 12:18:55,311 INFO apps.Account.views Home page rendered: user_id=32 posts=0 stories=0
2026-08-12 12:18:57,251 INFO apps.Account.views Home page requested: user_id=33
2026-08-12 12:18:57,268 INFO apps.Account.views Home page rendered: user_id=33 posts=2 stories=0
2026-08-12 12:19:00,206 INFO apps.Account.views Home page requested: user_id=34
2026-08-12 12:19:00,217 INFO apps.Account.views Home page rendered: user_id=34 posts=0 stories=0
2026-08-12 12:19:03,135 INFO apps.Account.views Home page requested: user_id=36
2026-08-12 12:19:03,144 INFO apps.Account.views Home page rendered: user_id=36 posts=0 stories=0
2026-08-12 12:19:06,056 INFO apps.Account.views Home page requested: user_id=38
2026-08-12 12:19:06,068 INFO apps.Account.views Home page rendered: user_id=38 posts=1 stories=0
2026-08-12 12:19:08,037 INFO apps.Account.views Home page requested: user_id=40
2026-08-12 12:19:08,050 INFO apps.Account.views Home page rendered: user_id=40 posts=1 stories=0
2026-08-12 12:19:08,080 WARNING apps.Account.views Signup validation failed
2026-08-12 12:19:09,289 INFO apps.Account.views User registered successfully: user_id=41
2026-08-12 12:19:09,289 INFO apps.Account.views Queueing welcome email: user_id=41
2026-08-12 12:19:11,235 INFO apps.Account.views User registered successfully: user_id=42
2026-08-12 12:19:11,235 INFO apps.Account.views Queueing welcome email: user_id=42
2026-08-12 12:19:12,200 INFO apps.Account.views Home page requested: user_id=42
2026-08-12 12:19:12,208 INFO apps.Account.views Home page rendered: user_id=42 posts=0 stories=0
2026-08-12 12:19:13,183 INFO apps.Account.views User registered successfully: user_id=43
2026-08-12 12:19:13,184 INFO apps.Account.views Queueing welcome email: user_id=43
2026-08-12 12:19:14,148 INFO apps.Account.views Home page requested: user_id=43
2026-08-12 12:19:14,156 INFO apps.Account.views Home page rendered: user_id=43 posts=0 stories=0
2026-08-12 12:19:15,204 WARNING apps.Account.views Login failed: invalid credentials or form data
2026-08-12 12:19:20,048 INFO apps.Account.views User login successful: user_id=46
2026-08-12 12:19:22,931 INFO apps.Account.views User login successful: user_id=47
2026-08-12 12:19:22,939 INFO apps.Account.views Home page requested: user_id=47
2026-08-12 12:19:22,947 INFO apps.Account.views Home page rendered: user_id=47 posts=0 stories=0
2026-08-12 12:19:25,822 INFO apps.Account.views User login successful: user_id=48
2026-08-12 12:19:25,830 INFO apps.Account.views Home page requested: user_id=48
2026-08-12 12:19:25,838 INFO apps.Account.views Home page rendered: user_id=48 posts=0 stories=0
2026-08-12 12:19:30,657 INFO apps.Account.views User logout: user_id=50
2026-08-12 12:19:32,592 INFO apps.Account.views User logout: user_id=51
2026-08-12 12:19:34,525 INFO apps.Account.views User logout: user_id=52
2026-08-12 12:19:34,530 WARNING apps.Account.views Login failed: invalid credentials or form data
2026-08-12 12:19:53,080 WARNING apps.Account.views Profile update validation failed: user_id=63
2026-08-12 12:19:55,040 WARNING apps.Account.views Profile update validation failed: user_id=64
2026-08-12 12:19:57,162 INFO apps.Account.views Profile update successful: user_id=65
2026-08-12 12:19:59,128 INFO apps.Account.views Profile update successful: user_id=66
2026-08-12 12:20:01,064 INFO apps.Account.views Profile update successful: user_id=67
2026-08-12 12:20:04,933 INFO apps.Account.views Profile update successful: user_id=69
2026-08-12 12:20:40,889 INFO apps.Notifications.views Notifications viewed: user_id=105 total=1 marked_as_read=1
2026-08-12 12:20:43,803 INFO apps.Notifications.views Notifications viewed: user_id=107 total=1 marked_as_read=1
2026-08-12 12:20:47,677 INFO apps.Notifications.views Notifications viewed: user_id=109 total=1 marked_as_read=1
2026-08-12 12:20:50,568 INFO apps.Notifications.views Unread notification count requested: user_id=112 count=2
2026-08-12 12:20:53,461 INFO apps.Notifications.views Unread notification count requested: user_id=114 count=1
2026-08-12 12:20:55,405 INFO apps.Notifications.views Unread notification count requested: user_id=115 count=0
2026-08-12 12:21:21,757 INFO apps.Stories.views Story created: story_id=7 user_id=141
2026-08-12 12:21:23,696 INFO apps.Stories.views Add story page viewed: user_id=142
2026-08-12 12:21:25,633 INFO apps.Stories.views Story list viewed: user_id=143 story_count=1
2026-08-12 12:21:27,574 INFO apps.Stories.views Story deleted: story_id=9 user_id=144
2026-08-12 12:21:46,974 INFO apps.comments.views Comments page viewed: post_id=23 user_id=162
2026-08-12 12:21:48,937 INFO apps.comments.views Comment created: comment_id=13 post_id=24 user_id=163
2026-08-12 12:21:50,884 INFO apps.comments.views Comment created: comment_id=15 post_id=25 user_id=164
2026-08-12 12:21:52,840 INFO apps.comments.views Comments page viewed: post_id=26 user_id=165
2026-08-12 12:21:53,812 WARNING apps.comments.views Unauthenticated comment submission: post_id=27
2026-08-12 12:21:55,699 INFO apps.comments.views Comment deleted: comment_id=18 post_id=28 user_id=167
2026-08-12 12:21:58,599 INFO apps.comments.views Comment deleted: comment_id=19 post_id=29 user_id=168
2026-08-12 12:22:02,838 WARNING apps.comments.views Unauthorized comment deletion attempt: comment_id=20 post_id=30 user_id=172
2026-08-12 12:22:23,432 INFO apps.posts.views Post created successfully: post_id=47 user_id=192 media_count=1
2026-08-12 12:22:25,374 WARNING apps.posts.views Post creation failed: no media uploaded, user_id=193
2026-08-12 12:22:27,330 WARNING apps.posts.views Post creation failed: unsupported file type user_id=194 file=file.svg content_type=image/svg+xml
2026-08-12 12:22:29,273 INFO apps.posts.views Post deletion authorized: post_id=48 user_id=195
2026-08-12 12:22:32,168 WARNING apps.posts.views Unauthorized post deletion attempt: post_id=49 user_id=197 owner_id=196
2026-08-12 12:22:34,111 INFO apps.posts.views Post liked: post_id=50 user_id=198
2026-08-12 12:22:36,053 INFO apps.posts.views Post unliked: post_id=51 user_id=199
2026-08-12 12:22:38,047 INFO apps.posts.views Post detail viewed: post_id=52 user_id=200
2026-08-12 12:22:40,013 INFO apps.posts.views Post edit authorized: post_id=53 user_id=201
2026-08-12 12:22:43,185 WARNING apps.posts.views Unauthorized post edit attempt: post_id=54 user_id=203 owner_id=202
2026-08-12 12:27:04,161 INFO apps.Account.views Home page requested: user_id=31
2026-08-12 12:27:04,185 INFO apps.Account.views Home page rendered: user_id=31 posts=0 stories=0
2026-08-12 12:27:06,190 INFO apps.Account.views Home page requested: user_id=32
2026-08-12 12:27:06,198 INFO apps.Account.views Home page rendered: user_id=32 posts=0 stories=0
2026-08-12 12:27:08,139 INFO apps.Account.views Home page requested: user_id=33
2026-08-12 12:27:08,156 INFO apps.Account.views Home page rendered: user_id=33 posts=2 stories=0
2026-08-12 12:27:11,081 INFO apps.Account.views Home page requested: user_id=34
2026-08-12 12:27:11,089 INFO apps.Account.views Home page rendered: user_id=34 posts=0 stories=0
2026-08-12 12:27:14,000 INFO apps.Account.views Home page requested: user_id=36
2026-08-12 12:27:14,008 INFO apps.Account.views Home page rendered: user_id=36 posts=0 stories=0
2026-08-12 12:27:16,920 INFO apps.Account.views Home page requested: user_id=38
2026-08-12 12:27:16,933 INFO apps.Account.views Home page rendered: user_id=38 posts=1 stories=0
2026-08-12 12:27:18,895 INFO apps.Account.views Home page requested: user_id=40
2026-08-12 12:27:18,908 INFO apps.Account.views Home page rendered: user_id=40 posts=1 stories=0
2026-08-12 12:27:18,938 WARNING apps.Account.views Signup validation failed
2026-08-12 12:27:20,158 INFO apps.Account.views User registered successfully: user_id=41
2026-08-12 12:27:20,159 INFO apps.Account.views Queueing welcome email: user_id=41
2026-08-12 12:27:22,088 INFO apps.Account.views User registered successfully: user_id=42
2026-08-12 12:27:22,090 INFO apps.Account.views Queueing welcome email: user_id=42
2026-08-12 12:27:23,054 INFO apps.Account.views Home page requested: user_id=42
2026-08-12 12:27:23,062 INFO apps.Account.views Home page rendered: user_id=42 posts=0 stories=0
2026-08-12 12:27:24,047 INFO apps.Account.views User registered successfully: user_id=43
2026-08-12 12:27:24,047 INFO apps.Account.views Queueing welcome email: user_id=43
2026-08-12 12:27:25,019 INFO apps.Account.views Home page requested: user_id=43
2026-08-12 12:27:25,028 INFO apps.Account.views Home page rendered: user_id=43 posts=0 stories=0
2026-08-12 12:27:26,076 WARNING apps.Account.views Login failed: invalid credentials or form data
2026-08-12 12:27:30,910 INFO apps.Account.views User login successful: user_id=46
2026-08-12 12:27:33,780 INFO apps.Account.views User login successful: user_id=47
2026-08-12 12:27:33,788 INFO apps.Account.views Home page requested: user_id=47
2026-08-12 12:27:33,797 INFO apps.Account.views Home page rendered: user_id=47 posts=0 stories=0
2026-08-12 12:27:36,659 INFO apps.Account.views User login successful: user_id=48
2026-08-12 12:27:36,667 INFO apps.Account.views Home page requested: user_id=48
2026-08-12 12:27:36,675 INFO apps.Account.views Home page rendered: user_id=48 posts=0 stories=0
2026-08-12 12:27:41,488 INFO apps.Account.views User logout: user_id=50
2026-08-12 12:27:43,420 INFO apps.Account.views User logout: user_id=51
2026-08-12 12:27:45,372 INFO apps.Account.views User logout: user_id=52
2026-08-12 12:27:45,377 WARNING apps.Account.views Login failed: invalid credentials or form data
2026-08-12 12:28:03,838 WARNING apps.Account.views Profile update validation failed: user_id=63
2026-08-12 12:28:05,804 WARNING apps.Account.views Profile update validation failed: user_id=64
2026-08-12 12:28:07,940 INFO apps.Account.views Profile update successful: user_id=65
2026-08-12 12:28:09,884 INFO apps.Account.views Profile update successful: user_id=66
2026-08-12 12:28:11,827 INFO apps.Account.views Profile update successful: user_id=67
2026-08-12 12:28:15,746 INFO apps.Account.views Profile update successful: user_id=69
2026-08-12 12:28:51,675 INFO apps.Notifications.views Notifications viewed: user_id=105 total=1 marked_as_read=1
2026-08-12 12:28:54,577 INFO apps.Notifications.views Notifications viewed: user_id=107 total=1 marked_as_read=1
2026-08-12 12:28:58,427 INFO apps.Notifications.views Notifications viewed: user_id=109 total=1 marked_as_read=1
2026-08-12 12:29:01,600 INFO apps.Notifications.views Unread notification count requested: user_id=112 count=2
2026-08-12 12:29:04,488 INFO apps.Notifications.views Unread notification count requested: user_id=114 count=1
2026-08-12 12:29:06,435 INFO apps.Notifications.views Unread notification count requested: user_id=115 count=0
2026-08-12 12:29:32,846 INFO apps.Stories.views Story created: story_id=7 user_id=141
2026-08-12 12:29:34,798 INFO apps.Stories.views Add story page viewed: user_id=142
2026-08-12 12:29:36,754 INFO apps.Stories.views Story list viewed: user_id=143 story_count=1
2026-08-12 12:29:38,689 INFO apps.Stories.views Story deleted: story_id=9 user_id=144
2026-08-12 12:29:58,091 INFO apps.comments.views Comments page viewed: post_id=23 user_id=162
2026-08-12 12:30:00,033 INFO apps.comments.views Comment created: comment_id=13 post_id=24 user_id=163
2026-08-12 12:30:01,978 INFO apps.comments.views Comment created: comment_id=15 post_id=25 user_id=164
2026-08-12 12:30:03,913 INFO apps.comments.views Comments page viewed: post_id=26 user_id=165
2026-08-12 12:30:04,896 WARNING apps.comments.views Unauthenticated comment submission: post_id=27
2026-08-12 12:30:06,832 INFO apps.comments.views Comment deleted: comment_id=18 post_id=28 user_id=167
2026-08-12 12:30:09,749 INFO apps.comments.views Comment deleted: comment_id=19 post_id=29 user_id=168
2026-08-12 12:30:14,196 WARNING apps.comments.views Unauthorized comment deletion attempt: comment_id=20 post_id=30 user_id=172
2026-08-12 12:30:35,040 INFO apps.posts.views Post created successfully: post_id=47 user_id=192 media_count=1
2026-08-12 12:30:36,981 WARNING apps.posts.views Post creation failed: no media uploaded, user_id=193
2026-08-12 12:30:38,920 WARNING apps.posts.views Post creation failed: unsupported file type user_id=194 file=file.svg content_type=image/svg+xml
2026-08-12 12:30:40,858 INFO apps.posts.views Post deletion authorized: post_id=48 user_id=195
2026-08-12 12:30:43,763 WARNING apps.posts.views Unauthorized post deletion attempt: post_id=49 user_id=197 owner_id=196
2026-08-12 12:30:45,727 INFO apps.posts.views Post liked: post_id=50 user_id=198
2026-08-12 12:30:47,666 INFO apps.posts.views Post unliked: post_id=51 user_id=199
2026-08-12 12:30:49,601 INFO apps.posts.views Post detail viewed: post_id=52 user_id=200
2026-08-12 12:30:51,566 INFO apps.posts.views Post edit authorized: post_id=53 user_id=201
2026-08-12 12:30:54,472 WARNING apps.posts.views Unauthorized post edit attempt: post_id=54 user_id=203 owner_id=202
2026-08-12 12:33:23,318 INFO apps.Account.views Home page requested: user_id=31
2026-08-12 12:33:23,342 INFO apps.Account.views Home page rendered: user_id=31 posts=0 stories=0
2026-08-12 12:33:25,351 INFO apps.Account.views Home page requested: user_id=32
2026-08-12 12:33:25,359 INFO apps.Account.views Home page rendered: user_id=32 posts=0 stories=0
2026-08-12 12:33:27,296 INFO apps.Account.views Home page requested: user_id=33
2026-08-12 12:33:27,313 INFO apps.Account.views Home page rendered: user_id=33 posts=2 stories=0
2026-08-12 12:33:30,228 INFO apps.Account.views Home page requested: user_id=34
2026-08-12 12:33:30,236 INFO apps.Account.views Home page rendered: user_id=34 posts=0 stories=0
2026-08-12 12:33:33,137 INFO apps.Account.views Home page requested: user_id=36
2026-08-12 12:33:33,145 INFO apps.Account.views Home page rendered: user_id=36 posts=0 stories=0
2026-08-12 12:33:36,054 INFO apps.Account.views Home page requested: user_id=38
2026-08-12 12:33:36,067 INFO apps.Account.views Home page rendered: user_id=38 posts=1 stories=0
2026-08-12 12:33:38,026 INFO apps.Account.views Home page requested: user_id=40
2026-08-12 12:33:38,041 INFO apps.Account.views Home page rendered: user_id=40 posts=1 stories=0
2026-08-12 12:33:38,072 WARNING apps.Account.views Signup validation failed
2026-08-12 12:33:39,294 INFO apps.Account.views User registered successfully: user_id=41
2026-08-12 12:33:39,294 INFO apps.Account.views Queueing welcome email: user_id=41
2026-08-12 12:33:41,241 INFO apps.Account.views User registered successfully: user_id=42
2026-08-12 12:33:41,241 INFO apps.Account.views Queueing welcome email: user_id=42
2026-08-12 12:33:42,213 INFO apps.Account.views Home page requested: user_id=42
2026-08-12 12:33:42,222 INFO apps.Account.views Home page rendered: user_id=42 posts=0 stories=0
2026-08-12 12:33:43,204 INFO apps.Account.views User registered successfully: user_id=43
2026-08-12 12:33:43,205 INFO apps.Account.views Queueing welcome email: user_id=43
2026-08-12 12:33:44,173 INFO apps.Account.views Home page requested: user_id=43
2026-08-12 12:33:44,181 INFO apps.Account.views Home page rendered: user_id=43 posts=0 stories=0
2026-08-12 12:33:45,230 WARNING apps.Account.views Login failed: invalid credentials or form data
2026-08-12 12:33:50,082 INFO apps.Account.views User login successful: user_id=46
2026-08-12 12:33:52,962 INFO apps.Account.views User login successful: user_id=47
2026-08-12 12:33:52,970 INFO apps.Account.views Home page requested: user_id=47
2026-08-12 12:33:52,978 INFO apps.Account.views Home page rendered: user_id=47 posts=0 stories=0
2026-08-12 12:33:55,858 INFO apps.Account.views User login successful: user_id=48
2026-08-12 12:33:55,867 INFO apps.Account.views Home page requested: user_id=48
2026-08-12 12:33:55,875 INFO apps.Account.views Home page rendered: user_id=48 posts=0 stories=0
2026-08-12 12:34:00,702 INFO apps.Account.views User logout: user_id=50
2026-08-12 12:34:02,637 INFO apps.Account.views User logout: user_id=51
2026-08-12 12:34:04,574 INFO apps.Account.views User logout: user_id=52
2026-08-12 12:34:04,579 WARNING apps.Account.views Login failed: invalid credentials or form data
2026-08-12 12:34:23,080 WARNING apps.Account.views Profile update validation failed: user_id=63
2026-08-12 12:34:25,027 WARNING apps.Account.views Profile update validation failed: user_id=64
2026-08-12 12:34:27,146 INFO apps.Account.views Profile update successful: user_id=65
2026-08-12 12:34:29,087 INFO apps.Account.views Profile update successful: user_id=66
2026-08-12 12:34:31,024 INFO apps.Account.views Profile update successful: user_id=67
2026-08-12 12:34:34,922 INFO apps.Account.views Profile update successful: user_id=69
2026-08-12 12:35:10,792 INFO apps.Notifications.views Notifications viewed: user_id=105 total=1 marked_as_read=1
2026-08-12 12:35:13,676 INFO apps.Notifications.views Notifications viewed: user_id=107 total=1 marked_as_read=1
2026-08-12 12:35:17,545 INFO apps.Notifications.views Notifications viewed: user_id=109 total=1 marked_as_read=1
2026-08-12 12:35:20,437 INFO apps.Notifications.views Unread notification count requested: user_id=112 count=2
2026-08-12 12:35:23,323 INFO apps.Notifications.views Unread notification count requested: user_id=114 count=1
2026-08-12 12:35:25,272 INFO apps.Notifications.views Unread notification count requested: user_id=115 count=0
2026-08-12 12:35:51,430 INFO apps.Stories.views Story created: story_id=7 user_id=141
2026-08-12 12:35:53,367 INFO apps.Stories.views Add story page viewed: user_id=142
2026-08-12 12:35:55,301 INFO apps.Stories.views Story list viewed: user_id=143 story_count=1
2026-08-12 12:35:57,242 INFO apps.Stories.views Story deleted: story_id=9 user_id=144
2026-08-12 12:36:16,766 INFO apps.comments.views Comments page viewed: post_id=23 user_id=162
2026-08-12 12:36:18,707 INFO apps.comments.views Comment created: comment_id=13 post_id=24 user_id=163
2026-08-12 12:36:20,668 INFO apps.comments.views Comment created: comment_id=15 post_id=25 user_id=164
2026-08-12 12:36:22,606 INFO apps.comments.views Comments page viewed: post_id=26 user_id=165
2026-08-12 12:36:23,592 WARNING apps.comments.views Unauthenticated comment submission: post_id=27
2026-08-12 12:36:25,531 INFO apps.comments.views Comment deleted: comment_id=18 post_id=28 user_id=167
2026-08-12 12:36:28,443 INFO apps.comments.views Comment deleted: comment_id=19 post_id=29 user_id=168
2026-08-12 12:36:32,714 WARNING apps.comments.views Unauthorized comment deletion attempt: comment_id=20 post_id=30 user_id=172
2026-08-12 12:36:53,653 INFO apps.posts.views Post created successfully: post_id=47 user_id=192 media_count=1
2026-08-12 12:36:55,581 WARNING apps.posts.views Post creation failed: no media uploaded, user_id=193
2026-08-12 12:36:57,500 WARNING apps.posts.views Post creation failed: unsupported file type user_id=194 file=file.svg content_type=image/svg+xml
2026-08-12 12:36:59,435 INFO apps.posts.views Post deletion authorized: post_id=48 user_id=195
2026-08-12 12:37:02,327 WARNING apps.posts.views Unauthorized post deletion attempt: post_id=49 user_id=197 owner_id=196
2026-08-12 12:37:04,290 INFO apps.posts.views Post liked: post_id=50 user_id=198
2026-08-12 12:37:06,247 INFO apps.posts.views Post unliked: post_id=51 user_id=199
2026-08-12 12:37:08,190 INFO apps.posts.views Post detail viewed: post_id=52 user_id=200
2026-08-12 12:37:10,148 INFO apps.posts.views Post edit authorized: post_id=53 user_id=201
2026-08-12 12:37:13,041 WARNING apps.posts.views Unauthorized post edit attempt: post_id=54 user_id=203 owner_id=202
2026-08-12 12:47:03,318 INFO apps.Account.views Home page requested: user_id=54
2026-08-12 12:47:03,343 INFO apps.Account.views Home page rendered: user_id=54 posts=0 stories=0
2026-08-12 12:47:05,339 INFO apps.Account.views Home page requested: user_id=55
2026-08-12 12:47:05,347 INFO apps.Account.views Home page rendered: user_id=55 posts=0 stories=0
2026-08-12 12:47:07,292 INFO apps.Account.views Home page requested: user_id=56
2026-08-12 12:47:07,310 INFO apps.Account.views Home page rendered: user_id=56 posts=2 stories=0
2026-08-12 12:47:10,259 INFO apps.Account.views Home page requested: user_id=57
2026-08-12 12:47:10,268 INFO apps.Account.views Home page rendered: user_id=57 posts=0 stories=0
2026-08-12 12:47:13,214 INFO apps.Account.views Home page requested: user_id=59
2026-08-12 12:47:13,223 INFO apps.Account.views Home page rendered: user_id=59 posts=0 stories=0
2026-08-12 12:47:16,130 INFO apps.Account.views Home page requested: user_id=61
2026-08-12 12:47:16,144 INFO apps.Account.views Home page rendered: user_id=61 posts=1 stories=0
2026-08-12 12:47:18,109 INFO apps.Account.views Home page requested: user_id=63
2026-08-12 12:47:18,122 INFO apps.Account.views Home page rendered: user_id=63 posts=1 stories=0
2026-08-12 12:47:18,155 WARNING apps.Account.views Signup validation failed
2026-08-12 12:47:19,194 INFO apps.Account.views User registered successfully: user_id=64
2026-08-12 12:47:19,194 INFO apps.Account.views Queueing welcome email: user_id=64
2026-08-12 12:47:21,132 INFO apps.Account.views User registered successfully: user_id=65
2026-08-12 12:47:21,133 INFO apps.Account.views Queueing welcome email: user_id=65
2026-08-12 12:47:22,095 INFO apps.Account.views Home page requested: user_id=65
2026-08-12 12:47:22,104 INFO apps.Account.views Home page rendered: user_id=65 posts=0 stories=0
2026-08-12 12:47:23,078 INFO apps.Account.views User registered successfully: user_id=66
2026-08-12 12:47:23,078 INFO apps.Account.views Queueing welcome email: user_id=66
2026-08-12 12:47:24,043 INFO apps.Account.views Home page requested: user_id=66
2026-08-12 12:47:24,052 INFO apps.Account.views Home page rendered: user_id=66 posts=0 stories=0
2026-08-12 12:47:25,114 WARNING apps.Account.views Login failed: invalid credentials or form data
2026-08-12 12:47:29,953 INFO apps.Account.views User login successful: user_id=69
2026-08-12 12:47:32,836 INFO apps.Account.views User login successful: user_id=70
2026-08-12 12:47:32,845 INFO apps.Account.views Home page requested: user_id=70
2026-08-12 12:47:32,854 INFO apps.Account.views Home page rendered: user_id=70 posts=0 stories=0
2026-08-12 12:47:35,721 INFO apps.Account.views User login successful: user_id=71
2026-08-12 12:47:35,730 INFO apps.Account.views Home page requested: user_id=71
2026-08-12 12:47:35,738 INFO apps.Account.views Home page rendered: user_id=71 posts=0 stories=0
2026-08-12 14:58:15,638 INFO apps.Account.views Home page requested: user_id=51
2026-08-12 14:58:15,669 INFO apps.Account.views Home page rendered: user_id=51 posts=0 stories=0
2026-08-12 14:58:17,781 INFO apps.Account.views Home page requested: user_id=52
2026-08-12 14:58:17,790 INFO apps.Account.views Home page rendered: user_id=52 posts=0 stories=0
2026-08-12 14:58:19,734 INFO apps.Account.views Home page requested: user_id=53
2026-08-12 14:58:19,758 INFO apps.Account.views Home page rendered: user_id=53 posts=2 stories=0
2026-08-12 14:58:22,726 INFO apps.Account.views Home page requested: user_id=54
2026-08-12 14:58:22,735 INFO apps.Account.views Home page rendered: user_id=54 posts=0 stories=0
2026-08-12 14:58:25,622 INFO apps.Account.views Home page requested: user_id=56
2026-08-12 14:58:25,631 INFO apps.Account.views Home page rendered: user_id=56 posts=0 stories=0
2026-08-12 14:58:28,515 INFO apps.Account.views Home page requested: user_id=58
2026-08-12 14:58:28,528 INFO apps.Account.views Home page rendered: user_id=58 posts=1 stories=0
2026-08-12 14:58:30,488 INFO apps.Account.views Home page requested: user_id=60
2026-08-12 14:58:30,501 INFO apps.Account.views Home page rendered: user_id=60 posts=1 stories=0
2026-08-12 14:58:30,529 WARNING apps.Account.views Signup validation failed
2026-08-12 14:58:31,561 INFO apps.Account.views User registered successfully: user_id=61
2026-08-12 14:58:31,561 INFO apps.Account.views Queueing welcome email: user_id=61
2026-08-12 14:58:33,491 INFO apps.Account.views User registered successfully: user_id=62
2026-08-12 14:58:33,492 INFO apps.Account.views Queueing welcome email: user_id=62
2026-08-12 14:58:34,456 INFO apps.Account.views Home page requested: user_id=62
2026-08-12 14:58:34,464 INFO apps.Account.views Home page rendered: user_id=62 posts=0 stories=0
2026-08-12 14:58:35,436 INFO apps.Account.views User registered successfully: user_id=63
2026-08-12 14:58:35,437 INFO apps.Account.views Queueing welcome email: user_id=63
2026-08-12 14:58:36,398 INFO apps.Account.views Home page requested: user_id=63
2026-08-12 14:58:36,407 INFO apps.Account.views Home page rendered: user_id=63 posts=0 stories=0
2026-08-12 14:58:37,463 WARNING apps.Account.views Login failed: invalid credentials or form data
2026-08-12 14:58:42,282 INFO apps.Account.views User login successful: user_id=66
2026-08-12 14:58:45,181 INFO apps.Account.views User login successful: user_id=67
2026-08-12 14:58:45,190 INFO apps.Account.views Home page requested: user_id=67
2026-08-12 14:58:45,197 INFO apps.Account.views Home page rendered: user_id=67 posts=0 stories=0
2026-08-12 14:58:48,112 INFO apps.Account.views User login successful: user_id=68
2026-08-12 14:58:48,121 INFO apps.Account.views Home page requested: user_id=68
2026-08-12 14:58:48,129 INFO apps.Account.views Home page rendered: user_id=68 posts=0 stories=0
2026-08-12 14:58:52,958 INFO apps.Account.views User logout: user_id=70
2026-08-12 14:58:54,884 INFO apps.Account.views User logout: user_id=71
2026-08-12 14:58:56,811 INFO apps.Account.views User logout: user_id=72
2026-08-12 14:58:56,815 WARNING apps.Account.views Login failed: invalid credentials or form data
2026-08-12 14:59:15,322 WARNING apps.Account.views Profile update validation failed: user_id=83
2026-08-12 14:59:17,288 WARNING apps.Account.views Profile update validation failed: user_id=84
2026-08-12 14:59:19,256 INFO apps.Account.views Profile update successful: user_id=85
2026-08-12 14:59:21,190 INFO apps.Account.views Profile update successful: user_id=86
2026-08-12 14:59:23,126 INFO apps.Account.views Profile update successful: user_id=87
2026-08-12 15:00:03,031 INFO apps.Notifications.views Notifications viewed: user_id=125 total=1 marked_as_read=1
2026-08-12 15:00:05,928 INFO apps.Notifications.views Notifications viewed: user_id=127 total=1 marked_as_read=1
2026-08-12 15:00:09,757 INFO apps.Notifications.views Notifications viewed: user_id=129 total=1 marked_as_read=1
2026-08-12 15:00:12,637 INFO apps.Notifications.views Unread notification count requested: user_id=132 count=2
2026-08-12 15:00:15,525 INFO apps.Notifications.views Unread notification count requested: user_id=134 count=1
2026-08-12 15:00:17,452 INFO apps.Notifications.views Unread notification count requested: user_id=135 count=0
2026-08-12 15:00:43,621 INFO apps.Stories.views Story created: story_id=7 user_id=161
2026-08-12 15:00:45,615 INFO apps.Stories.views Add story page viewed: user_id=162
2026-08-12 15:00:47,556 INFO apps.Stories.views Story list viewed: user_id=163 story_count=1
2026-08-12 15:00:49,513 INFO apps.Stories.views Story deleted: story_id=9 user_id=164
2026-08-12 15:01:08,913 INFO apps.comments.views Comments page viewed: post_id=23 user_id=182
2026-08-12 15:01:10,863 INFO apps.comments.views Comment created: comment_id=13 post_id=24 user_id=183
2026-08-12 15:01:12,819 INFO apps.comments.views Comment created: comment_id=15 post_id=25 user_id=184
2026-08-12 15:01:14,764 INFO apps.comments.views Comments page viewed: post_id=26 user_id=185
2026-08-12 15:01:15,747 WARNING apps.comments.views Unauthenticated comment submission: post_id=27
2026-08-12 15:01:17,681 INFO apps.comments.views Comment deleted: comment_id=18 post_id=28 user_id=187
2026-08-12 15:01:20,817 INFO apps.comments.views Comment deleted: comment_id=19 post_id=29 user_id=188
2026-08-12 15:01:25,180 WARNING apps.comments.views Unauthorized comment deletion attempt: comment_id=20 post_id=30 user_id=192
2026-08-12 15:01:45,820 INFO apps.posts.views Post created successfully: post_id=47 user_id=212 media_count=1
2026-08-12 15:01:47,757 WARNING apps.posts.views Post creation failed: no media uploaded, user_id=213
2026-08-12 15:01:49,831 WARNING apps.posts.views Post creation failed: unsupported file type user_id=214 file=file.svg content_type=image/svg+xml
2026-08-12 15:01:52,036 INFO apps.posts.views Post deletion authorized: post_id=48 user_id=215
2026-08-12 15:01:55,121 WARNING apps.posts.views Unauthorized post deletion attempt: post_id=49 user_id=217 owner_id=216
2026-08-12 15:01:57,072 INFO apps.posts.views Post liked: post_id=50 user_id=218
2026-08-12 15:01:59,012 INFO apps.posts.views Post unliked: post_id=51 user_id=219
2026-08-12 15:02:00,960 INFO apps.posts.views Post detail viewed: post_id=52 user_id=220
2026-08-12 15:02:02,918 INFO apps.posts.views Post edit authorized: post_id=53 user_id=221
2026-08-12 15:02:05,815 WARNING apps.posts.views Unauthorized post edit attempt: post_id=54 user_id=223 owner_id=222
2026-08-12 15:03:48,838 INFO apps.Account.views Home page requested: user_id=51
2026-08-12 15:03:48,863 INFO apps.Account.views Home page rendered: user_id=51 posts=0 stories=0
2026-08-12 15:03:50,866 INFO apps.Account.views Home page requested: user_id=52
2026-08-12 15:03:50,874 INFO apps.Account.views Home page rendered: user_id=52 posts=0 stories=0
2026-08-12 15:03:52,811 INFO apps.Account.views Home page requested: user_id=53
2026-08-12 15:03:52,828 INFO apps.Account.views Home page rendered: user_id=53 posts=2 stories=0
2026-08-12 15:03:55,784 INFO apps.Account.views Home page requested: user_id=54
2026-08-12 15:03:55,793 INFO apps.Account.views Home page rendered: user_id=54 posts=0 stories=0
2026-08-12 15:03:58,695 INFO apps.Account.views Home page requested: user_id=56
2026-08-12 15:03:58,704 INFO apps.Account.views Home page rendered: user_id=56 posts=0 stories=0
2026-08-12 15:04:01,595 INFO apps.Account.views Home page requested: user_id=58
2026-08-12 15:04:01,608 INFO apps.Account.views Home page rendered: user_id=58 posts=1 stories=0
2026-08-12 15:04:03,555 INFO apps.Account.views Home page requested: user_id=60
2026-08-12 15:04:03,568 INFO apps.Account.views Home page rendered: user_id=60 posts=1 stories=0
2026-08-12 15:04:03,599 WARNING apps.Account.views Signup validation failed
2026-08-12 15:04:04,627 INFO apps.Account.views User registered successfully: user_id=61
2026-08-12 15:04:04,628 INFO apps.Account.views Queueing welcome email: user_id=61
2026-08-12 15:04:06,563 INFO apps.Account.views User registered successfully: user_id=62
2026-08-12 15:04:06,563 INFO apps.Account.views Queueing welcome email: user_id=62
2026-08-12 15:04:07,535 INFO apps.Account.views Home page requested: user_id=62
2026-08-12 15:04:07,543 INFO apps.Account.views Home page rendered: user_id=62 posts=0 stories=0
2026-08-12 15:04:08,521 INFO apps.Account.views User registered successfully: user_id=63
2026-08-12 15:04:08,521 INFO apps.Account.views Queueing welcome email: user_id=63
2026-08-12 15:04:09,476 INFO apps.Account.views Home page requested: user_id=63
2026-08-12 15:04:09,484 INFO apps.Account.views Home page rendered: user_id=63 posts=0 stories=0
2026-08-12 15:04:10,570 WARNING apps.Account.views Login failed: invalid credentials or form data
2026-08-12 15:04:15,432 INFO apps.Account.views User login successful: user_id=66
2026-08-12 15:04:18,328 INFO apps.Account.views User login successful: user_id=67
2026-08-12 15:04:18,337 INFO apps.Account.views Home page requested: user_id=67
2026-08-12 15:04:18,348 INFO apps.Account.views Home page rendered: user_id=67 posts=0 stories=0
2026-08-12 15:04:21,341 INFO apps.Account.views User login successful: user_id=68
2026-08-12 15:04:21,352 INFO apps.Account.views Home page requested: user_id=68
2026-08-12 15:04:21,361 INFO apps.Account.views Home page rendered: user_id=68 posts=0 stories=0
2026-08-12 15:04:26,183 INFO apps.Account.views User logout: user_id=70
2026-08-12 15:04:28,146 INFO apps.Account.views User logout: user_id=71
2026-08-12 15:04:30,096 INFO apps.Account.views User logout: user_id=72
2026-08-12 15:04:30,101 WARNING apps.Account.views Login failed: invalid credentials or form data
2026-08-12 15:04:48,640 WARNING apps.Account.views Profile update validation failed: user_id=83
2026-08-12 15:04:50,613 WARNING apps.Account.views Profile update validation failed: user_id=84
2026-08-12 15:04:52,553 INFO apps.Account.views Profile update successful: user_id=85
2026-08-12 15:04:54,496 INFO apps.Account.views Profile update successful: user_id=86
2026-08-12 15:04:56,437 INFO apps.Account.views Profile update successful: user_id=87
2026-08-12 15:05:36,324 INFO apps.Notifications.views Notifications viewed: user_id=125 total=1 marked_as_read=1
2026-08-12 15:05:39,228 INFO apps.Notifications.views Notifications viewed: user_id=127 total=1 marked_as_read=1
2026-08-12 15:05:43,078 INFO apps.Notifications.views Notifications viewed: user_id=129 total=1 marked_as_read=1
2026-08-12 15:05:46,383 INFO apps.Notifications.views Unread notification count requested: user_id=132 count=2
2026-08-12 15:05:49,556 INFO apps.Notifications.views Unread notification count requested: user_id=134 count=1
2026-08-12 15:05:51,492 INFO apps.Notifications.views Unread notification count requested: user_id=135 count=0
2026-08-12 15:06:17,765 INFO apps.Stories.views Story created: story_id=7 user_id=161
2026-08-12 15:06:19,777 INFO apps.Stories.views Add story page viewed: user_id=162
2026-08-12 15:06:21,723 INFO apps.Stories.views Story list viewed: user_id=163 story_count=1
2026-08-12 15:06:23,666 INFO apps.Stories.views Story deleted: story_id=9 user_id=164
2026-08-12 15:06:43,073 INFO apps.comments.views Comments page viewed: post_id=23 user_id=182
2026-08-12 15:06:45,025 INFO apps.comments.views Comment created: comment_id=13 post_id=24 user_id=183
2026-08-12 15:06:46,988 INFO apps.comments.views Comment created: comment_id=15 post_id=25 user_id=184
2026-08-12 15:06:48,952 INFO apps.comments.views Comments page viewed: post_id=26 user_id=185
2026-08-12 15:06:49,937 WARNING apps.comments.views Unauthenticated comment submission: post_id=27
2026-08-12 15:06:51,879 INFO apps.comments.views Comment deleted: comment_id=18 post_id=28 user_id=187
2026-08-12 15:06:55,062 INFO apps.comments.views Comment deleted: comment_id=19 post_id=29 user_id=188
2026-08-12 15:06:59,289 WARNING apps.comments.views Unauthorized comment deletion attempt: comment_id=20 post_id=30 user_id=192
2026-08-12 15:07:19,980 INFO apps.posts.views Post created successfully: post_id=47 user_id=212 media_count=1
2026-08-12 15:07:21,919 WARNING apps.posts.views Post creation failed: no media uploaded, user_id=213
2026-08-12 15:07:24,042 WARNING apps.posts.views Post creation failed: unsupported file type user_id=214 file=file.svg content_type=image/svg+xml
2026-08-12 15:07:26,125 INFO apps.posts.views Post deletion authorized: post_id=48 user_id=215
2026-08-12 15:07:29,018 WARNING apps.posts.views Unauthorized post deletion attempt: post_id=49 user_id=217 owner_id=216
2026-08-12 15:07:30,969 INFO apps.posts.views Post liked: post_id=50 user_id=218
2026-08-12 15:07:32,912 INFO apps.posts.views Post unliked: post_id=51 user_id=219
2026-08-12 15:07:34,856 INFO apps.posts.views Post detail viewed: post_id=52 user_id=220
2026-08-12 15:07:36,836 INFO apps.posts.views Post edit authorized: post_id=53 user_id=221
2026-08-12 15:07:39,743 WARNING apps.posts.views Unauthorized post edit attempt: post_id=54 user_id=223 owner_id=222
2026-08-12 15:14:48,211 INFO apps.Account.views Home page requested: user_id=1
2026-08-12 15:14:48,219 INFO apps.Account.views Home page rendered: user_id=1 posts=0 stories=0
2026-08-12 15:14:50,210 INFO apps.Account.views Home page requested: user_id=2
2026-08-12 15:14:50,216 INFO apps.Account.views Home page rendered: user_id=2 posts=0 stories=0
2026-08-12 15:14:52,130 INFO apps.Account.views Home page requested: user_id=3
2026-08-12 15:14:52,146 INFO apps.Account.views Home page rendered: user_id=3 posts=2 stories=0
2026-08-12 15:14:55,021 INFO apps.Account.views Home page requested: user_id=4
2026-08-12 15:14:55,027 INFO apps.Account.views Home page rendered: user_id=4 posts=0 stories=0
2026-08-12 15:14:57,872 INFO apps.Account.views Home page requested: user_id=6
2026-08-12 15:14:57,878 INFO apps.Account.views Home page rendered: user_id=6 posts=0 stories=0
2026-08-12 15:15:00,744 INFO apps.Account.views Home page requested: user_id=8
2026-08-12 15:15:00,753 INFO apps.Account.views Home page rendered: user_id=8 posts=1 stories=0
2026-08-12 15:15:02,660 INFO apps.Account.views Home page requested: user_id=10
2026-08-12 15:15:02,668 INFO apps.Account.views Home page rendered: user_id=10 posts=1 stories=0
2026-08-12 15:15:02,687 WARNING apps.Account.views Signup validation failed
2026-08-12 15:15:03,714 INFO apps.Account.views User registered successfully: user_id=11
2026-08-12 15:15:03,714 INFO apps.Account.views Queueing welcome email: user_id=11
2026-08-12 15:15:05,596 INFO apps.Account.views User registered successfully: user_id=12
2026-08-12 15:15:05,596 INFO apps.Account.views Queueing welcome email: user_id=12
2026-08-12 15:15:06,543 INFO apps.Account.views Home page requested: user_id=12
2026-08-12 15:15:06,549 INFO apps.Account.views Home page rendered: user_id=12 posts=0 stories=0
2026-08-12 15:15:07,526 INFO apps.Account.views User registered successfully: user_id=13
2026-08-12 15:15:07,526 INFO apps.Account.views Queueing welcome email: user_id=13
2026-08-12 15:15:08,472 INFO apps.Account.views Home page requested: user_id=13
2026-08-12 15:15:08,478 INFO apps.Account.views Home page rendered: user_id=13 posts=0 stories=0
2026-08-12 15:15:09,483 WARNING apps.Account.views Login failed: invalid credentials or form data
2026-08-12 15:15:14,256 INFO apps.Account.views User login successful: user_id=16
2026-08-12 15:15:17,122 INFO apps.Account.views User login successful: user_id=17
2026-08-12 15:15:17,127 INFO apps.Account.views Home page requested: user_id=17
2026-08-12 15:15:17,133 INFO apps.Account.views Home page rendered: user_id=17 posts=0 stories=0
2026-08-12 15:15:19,972 INFO apps.Account.views User login successful: user_id=18
2026-08-12 15:15:19,977 INFO apps.Account.views Home page requested: user_id=18
2026-08-12 15:15:19,983 INFO apps.Account.views Home page rendered: user_id=18 posts=0 stories=0
2026-08-12 15:15:24,798 INFO apps.Account.views User logout: user_id=20
2026-08-12 15:15:26,723 INFO apps.Account.views User logout: user_id=21
2026-08-12 15:15:28,613 INFO apps.Account.views User logout: user_id=22
2026-08-12 15:15:28,616 WARNING apps.Account.views Login failed: invalid credentials or form data
2026-08-12 15:15:46,917 WARNING apps.Account.views Profile update validation failed: user_id=33
2026-08-12 15:15:48,844 WARNING apps.Account.views Profile update validation failed: user_id=34
2026-08-12 15:15:50,835 INFO apps.Account.views Profile update successful: user_id=35
2026-08-12 15:15:52,749 INFO apps.Account.views Profile update successful: user_id=36
2026-08-12 15:15:54,678 INFO apps.Account.views Profile update successful: user_id=37
2026-08-12 15:18:40,080 INFO apps.Account.views Home page requested: user_id=1
2026-08-12 15:18:40,088 INFO apps.Account.views Home page rendered: user_id=1 posts=0 stories=0
2026-08-12 15:18:42,090 INFO apps.Account.views Home page requested: user_id=2
2026-08-12 15:18:42,095 INFO apps.Account.views Home page rendered: user_id=2 posts=0 stories=0
2026-08-12 15:18:44,011 INFO apps.Account.views Home page requested: user_id=3
2026-08-12 15:18:44,022 INFO apps.Account.views Home page rendered: user_id=3 posts=2 stories=0
2026-08-12 15:18:46,923 INFO apps.Account.views Home page requested: user_id=4
2026-08-12 15:18:46,929 INFO apps.Account.views Home page rendered: user_id=4 posts=0 stories=0
2026-08-12 15:18:49,849 INFO apps.Account.views Home page requested: user_id=6
2026-08-12 15:18:49,855 INFO apps.Account.views Home page rendered: user_id=6 posts=0 stories=0
2026-08-12 15:18:52,761 INFO apps.Account.views Home page requested: user_id=8
2026-08-12 15:18:52,769 INFO apps.Account.views Home page rendered: user_id=8 posts=1 stories=0
2026-08-12 15:18:54,694 INFO apps.Account.views Home page requested: user_id=10
2026-08-12 15:18:54,705 INFO apps.Account.views Home page rendered: user_id=10 posts=1 stories=0
2026-08-12 15:18:54,723 WARNING apps.Account.views Signup validation failed
2026-08-12 15:18:55,785 INFO apps.Account.views User registered successfully: user_id=11
2026-08-12 15:18:55,785 INFO apps.Account.views Queueing welcome email: user_id=11
2026-08-12 15:18:57,707 INFO apps.Account.views User registered successfully: user_id=12
2026-08-12 15:18:57,707 INFO apps.Account.views Queueing welcome email: user_id=12
2026-08-12 15:18:58,675 INFO apps.Account.views Home page requested: user_id=12
2026-08-12 15:18:58,681 INFO apps.Account.views Home page rendered: user_id=12 posts=0 stories=0
2026-08-12 15:18:59,666 INFO apps.Account.views User registered successfully: user_id=13
2026-08-12 15:18:59,666 INFO apps.Account.views Queueing welcome email: user_id=13
2026-08-12 15:19:00,636 INFO apps.Account.views Home page requested: user_id=13
2026-08-12 15:19:00,641 INFO apps.Account.views Home page rendered: user_id=13 posts=0 stories=0
2026-08-12 15:19:01,648 WARNING apps.Account.views Login failed: invalid credentials or form data
2026-08-12 15:19:06,484 INFO apps.Account.views User login successful: user_id=16
2026-08-12 15:19:09,383 INFO apps.Account.views User login successful: user_id=17
2026-08-12 15:19:09,389 INFO apps.Account.views Home page requested: user_id=17
2026-08-12 15:19:09,394 INFO apps.Account.views Home page rendered: user_id=17 posts=0 stories=0
2026-08-12 15:19:12,298 INFO apps.Account.views User login successful: user_id=18
2026-08-12 15:19:12,303 INFO apps.Account.views Home page requested: user_id=18
2026-08-12 15:19:12,309 INFO apps.Account.views Home page rendered: user_id=18 posts=0 stories=0
2026-08-12 15:19:17,123 INFO apps.Account.views User logout: user_id=20
2026-08-12 15:19:19,028 INFO apps.Account.views User logout: user_id=21
2026-08-12 15:19:20,942 INFO apps.Account.views User logout: user_id=22
2026-08-12 15:19:20,946 WARNING apps.Account.views Login failed: invalid credentials or form data
2026-08-12 15:19:39,260 WARNING apps.Account.views Profile update validation failed: user_id=33
2026-08-12 15:19:41,194 WARNING apps.Account.views Profile update validation failed: user_id=34
2026-08-12 15:19:43,173 INFO apps.Account.views Profile update successful: user_id=35
2026-08-12 15:19:45,093 INFO apps.Account.views Profile update successful: user_id=36
2026-08-12 15:19:47,019 INFO apps.Account.views Profile update successful: user_id=37
2026-08-12 15:23:20,671 INFO apps.Account.views Home page requested: user_id=1
2026-08-12 15:23:20,680 INFO apps.Account.views Home page rendered: user_id=1 posts=0 stories=0
2026-08-12 15:23:22,675 INFO apps.Account.views Home page requested: user_id=2
2026-08-12 15:23:22,680 INFO apps.Account.views Home page rendered: user_id=2 posts=0 stories=0
2026-08-12 15:23:24,615 INFO apps.Account.views Home page requested: user_id=3
2026-08-12 15:23:24,627 INFO apps.Account.views Home page rendered: user_id=3 posts=2 stories=0
2026-08-12 15:23:27,523 INFO apps.Account.views Home page requested: user_id=4
2026-08-12 15:23:27,529 INFO apps.Account.views Home page rendered: user_id=4 posts=0 stories=0
2026-08-12 15:23:30,387 INFO apps.Account.views Home page requested: user_id=6
2026-08-12 15:23:30,393 INFO apps.Account.views Home page rendered: user_id=6 posts=0 stories=0
2026-08-12 15:23:33,274 INFO apps.Account.views Home page requested: user_id=8
2026-08-12 15:23:33,283 INFO apps.Account.views Home page rendered: user_id=8 posts=1 stories=0
2026-08-12 15:23:35,222 INFO apps.Account.views Home page requested: user_id=10
2026-08-12 15:23:35,232 INFO apps.Account.views Home page rendered: user_id=10 posts=1 stories=0
2026-08-12 15:23:35,251 WARNING apps.Account.views Signup validation failed
2026-08-12 15:23:36,311 INFO apps.Account.views User registered successfully: user_id=11
2026-08-12 15:23:36,311 INFO apps.Account.views Queueing welcome email: user_id=11
2026-08-12 15:23:38,232 INFO apps.Account.views User registered successfully: user_id=12
2026-08-12 15:23:38,232 INFO apps.Account.views Queueing welcome email: user_id=12
2026-08-12 15:23:39,187 INFO apps.Account.views Home page requested: user_id=12
2026-08-12 15:23:39,192 INFO apps.Account.views Home page rendered: user_id=12 posts=0 stories=0
2026-08-12 15:23:40,155 INFO apps.Account.views User registered successfully: user_id=13
2026-08-12 15:23:40,156 INFO apps.Account.views Queueing welcome email: user_id=13
2026-08-12 15:23:41,106 INFO apps.Account.views Home page requested: user_id=13
2026-08-12 15:23:41,112 INFO apps.Account.views Home page rendered: user_id=13 posts=0 stories=0
2026-08-12 15:23:42,114 WARNING apps.Account.views Login failed: invalid credentials or form data
2026-08-12 15:23:47,007 INFO apps.Account.views User login successful: user_id=16
2026-08-12 15:23:49,909 INFO apps.Account.views User login successful: user_id=17
2026-08-12 15:23:49,914 INFO apps.Account.views Home page requested: user_id=17
2026-08-12 15:23:49,919 INFO apps.Account.views Home page rendered: user_id=17 posts=0 stories=0
2026-08-12 15:23:52,803 INFO apps.Account.views User login successful: user_id=18
2026-08-12 15:23:52,809 INFO apps.Account.views Home page requested: user_id=18
2026-08-12 15:23:52,814 INFO apps.Account.views Home page rendered: user_id=18 posts=0 stories=0
2026-08-12 15:23:57,704 INFO apps.Account.views User logout: user_id=20
2026-08-12 15:23:59,636 INFO apps.Account.views User logout: user_id=21
2026-08-12 15:24:01,561 INFO apps.Account.views User logout: user_id=22
2026-08-12 15:24:01,564 WARNING apps.Account.views Login failed: invalid credentials or form data
2026-08-12 15:24:19,977 WARNING apps.Account.views Profile update validation failed: user_id=33
2026-08-12 15:24:21,953 WARNING apps.Account.views Profile update validation failed: user_id=34
2026-08-12 15:24:23,917 INFO apps.Account.views Profile update successful: user_id=35
2026-08-12 15:24:25,855 INFO apps.Account.views Profile update successful: user_id=36
2026-08-12 15:24:27,785 INFO apps.Account.views Profile update successful: user_id=37
2026-08-12 15:27:36,881 INFO apps.Account.views Home page requested: user_id=1
2026-08-12 15:27:36,888 INFO apps.Account.views Home page rendered: user_id=1 posts=0 stories=0
2026-08-12 15:27:38,902 INFO apps.Account.views Home page requested: user_id=2
2026-08-12 15:27:38,908 INFO apps.Account.views Home page rendered: user_id=2 posts=0 stories=0
2026-08-12 15:27:40,864 INFO apps.Account.views Home page requested: user_id=3
2026-08-12 15:27:40,876 INFO apps.Account.views Home page rendered: user_id=3 posts=2 stories=0
2026-08-12 15:27:43,720 INFO apps.Account.views Home page requested: user_id=4
2026-08-12 15:27:43,725 INFO apps.Account.views Home page rendered: user_id=4 posts=0 stories=0
2026-08-12 15:27:46,568 INFO apps.Account.views Home page requested: user_id=6
2026-08-12 15:27:46,573 INFO apps.Account.views Home page rendered: user_id=6 posts=0 stories=0
2026-08-12 15:27:49,407 INFO apps.Account.views Home page requested: user_id=8
2026-08-12 15:27:49,415 INFO apps.Account.views Home page rendered: user_id=8 posts=1 stories=0
2026-08-12 15:27:51,345 INFO apps.Account.views Home page requested: user_id=10
2026-08-12 15:27:51,354 INFO apps.Account.views Home page rendered: user_id=10 posts=1 stories=0
2026-08-12 15:27:51,373 WARNING apps.Account.views Signup validation failed
2026-08-12 15:27:52,483 INFO apps.Account.views User registered successfully: user_id=11
2026-08-12 15:27:52,483 INFO apps.Account.views Queueing welcome email: user_id=11
2026-08-12 15:27:54,393 INFO apps.Account.views User registered successfully: user_id=12
2026-08-12 15:27:54,393 INFO apps.Account.views Queueing welcome email: user_id=12
2026-08-12 15:27:55,340 INFO apps.Account.views Home page requested: user_id=12
2026-08-12 15:27:55,346 INFO apps.Account.views Home page rendered: user_id=12 posts=0 stories=0
2026-08-12 15:27:56,301 INFO apps.Account.views User registered successfully: user_id=13
2026-08-12 15:27:56,302 INFO apps.Account.views Queueing welcome email: user_id=13
2026-08-12 15:27:57,264 INFO apps.Account.views Home page requested: user_id=13
2026-08-12 15:27:57,270 INFO apps.Account.views Home page rendered: user_id=13 posts=0 stories=0
2026-08-12 15:27:58,297 WARNING apps.Account.views Login failed: invalid credentials or form data
2026-08-12 15:28:03,059 INFO apps.Account.views User login successful: user_id=16
2026-08-12 15:28:05,904 INFO apps.Account.views User login successful: user_id=17
2026-08-12 15:28:05,910 INFO apps.Account.views Home page requested: user_id=17
2026-08-12 15:28:05,916 INFO apps.Account.views Home page rendered: user_id=17 posts=0 stories=0
2026-08-12 15:28:08,754 INFO apps.Account.views User login successful: user_id=18
2026-08-12 15:28:08,760 INFO apps.Account.views Home page requested: user_id=18
2026-08-12 15:28:08,765 INFO apps.Account.views Home page rendered: user_id=18 posts=0 stories=0
2026-08-12 15:28:13,570 INFO apps.Account.views User logout: user_id=20
2026-08-12 15:28:15,532 INFO apps.Account.views User logout: user_id=21
2026-08-12 15:28:17,468 INFO apps.Account.views User logout: user_id=22
2026-08-12 15:28:17,474 WARNING apps.Account.views Login failed: invalid credentials or form data
2026-08-12 15:28:35,848 WARNING apps.Account.views Profile update validation failed: user_id=33
2026-08-12 15:28:37,765 WARNING apps.Account.views Profile update validation failed: user_id=34
2026-08-12 15:28:39,735 INFO apps.Account.views Profile update successful: user_id=35
2026-08-12 15:28:41,690 INFO apps.Account.views Profile update successful: user_id=36
2026-08-12 15:28:43,618 INFO apps.Account.views Profile update successful: user_id=37
2026-08-12 15:30:58,545 INFO apps.Account.views Home page requested: user_id=1
2026-08-12 15:30:58,552 INFO apps.Account.views Home page rendered: user_id=1 posts=0 stories=0
2026-08-12 15:31:00,500 INFO apps.Account.views Home page requested: user_id=2
2026-08-12 15:31:00,505 INFO apps.Account.views Home page rendered: user_id=2 posts=0 stories=0
2026-08-12 15:31:02,456 INFO apps.Account.views Home page requested: user_id=3
2026-08-12 15:31:02,471 INFO apps.Account.views Home page rendered: user_id=3 posts=2 stories=0
2026-08-12 15:31:05,428 INFO apps.Account.views Home page requested: user_id=4
2026-08-12 15:31:05,434 INFO apps.Account.views Home page rendered: user_id=4 posts=0 stories=0
2026-08-12 15:31:08,352 INFO apps.Account.views Home page requested: user_id=6
2026-08-12 15:31:08,358 INFO apps.Account.views Home page rendered: user_id=6 posts=0 stories=0
2026-08-12 15:31:11,263 INFO apps.Account.views Home page requested: user_id=8
2026-08-12 15:31:11,272 INFO apps.Account.views Home page rendered: user_id=8 posts=1 stories=0
2026-08-12 15:31:13,206 INFO apps.Account.views Home page requested: user_id=10
2026-08-12 15:31:13,214 INFO apps.Account.views Home page rendered: user_id=10 posts=1 stories=0
2026-08-12 15:31:13,233 WARNING apps.Account.views Signup validation failed
2026-08-12 15:31:14,337 INFO apps.Account.views User registered successfully: user_id=11
2026-08-12 15:31:14,338 INFO apps.Account.views Queueing welcome email: user_id=11
2026-08-12 15:31:16,256 INFO apps.Account.views User registered successfully: user_id=12
2026-08-12 15:31:16,256 INFO apps.Account.views Queueing welcome email: user_id=12
2026-08-12 15:31:17,220 INFO apps.Account.views Home page requested: user_id=12
2026-08-12 15:31:17,226 INFO apps.Account.views Home page rendered: user_id=12 posts=0 stories=0
2026-08-12 15:31:18,226 INFO apps.Account.views User registered successfully: user_id=13
2026-08-12 15:31:18,226 INFO apps.Account.views Queueing welcome email: user_id=13
2026-08-12 15:31:19,186 INFO apps.Account.views Home page requested: user_id=13
2026-08-12 15:31:19,192 INFO apps.Account.views Home page rendered: user_id=13 posts=0 stories=0
2026-08-12 15:31:20,219 WARNING apps.Account.views Login failed: invalid credentials or form data
2026-08-12 15:31:25,024 INFO apps.Account.views User login successful: user_id=16
2026-08-12 15:31:27,910 INFO apps.Account.views User login successful: user_id=17
2026-08-12 15:31:27,915 INFO apps.Account.views Home page requested: user_id=17
2026-08-12 15:31:27,920 INFO apps.Account.views Home page rendered: user_id=17 posts=0 stories=0
2026-08-12 15:31:30,805 INFO apps.Account.views User login successful: user_id=18
2026-08-12 15:31:30,810 INFO apps.Account.views Home page requested: user_id=18
2026-08-12 15:31:30,815 INFO apps.Account.views Home page rendered: user_id=18 posts=0 stories=0
2026-08-12 15:31:35,615 INFO apps.Account.views User logout: user_id=20
2026-08-12 15:31:37,543 INFO apps.Account.views User logout: user_id=21
2026-08-12 15:31:39,506 INFO apps.Account.views User logout: user_id=22
2026-08-12 15:31:39,509 WARNING apps.Account.views Login failed: invalid credentials or form data
2026-08-12 15:31:58,053 WARNING apps.Account.views Profile update validation failed: user_id=33
2026-08-12 15:32:00,024 WARNING apps.Account.views Profile update validation failed: user_id=34
2026-08-12 15:32:02,008 INFO apps.Account.views Profile update successful: user_id=35
2026-08-12 15:32:03,931 INFO apps.Account.views Profile update successful: user_id=36
2026-08-12 15:32:05,869 INFO apps.Account.views Profile update successful: user_id=37
2026-08-12 15:36:25,967 INFO apps.Account.views Home page requested: user_id=1
2026-08-12 15:36:25,975 INFO apps.Account.views Home page rendered: user_id=1 posts=0 stories=0
2026-08-12 15:36:27,962 INFO apps.Account.views Home page requested: user_id=2
2026-08-12 15:36:27,968 INFO apps.Account.views Home page rendered: user_id=2 posts=0 stories=0
2026-08-12 15:36:29,886 INFO apps.Account.views Home page requested: user_id=3
2026-08-12 15:36:29,898 INFO apps.Account.views Home page rendered: user_id=3 posts=2 stories=0
2026-08-12 15:36:32,798 INFO apps.Account.views Home page requested: user_id=4
2026-08-12 15:36:32,804 INFO apps.Account.views Home page rendered: user_id=4 posts=0 stories=0
2026-08-12 15:36:35,719 INFO apps.Account.views Home page requested: user_id=6
2026-08-12 15:36:35,724 INFO apps.Account.views Home page rendered: user_id=6 posts=0 stories=0
2026-08-12 15:36:38,597 INFO apps.Account.views Home page requested: user_id=8
2026-08-12 15:36:38,605 INFO apps.Account.views Home page rendered: user_id=8 posts=1 stories=0
2026-08-12 15:36:40,540 INFO apps.Account.views Home page requested: user_id=10
2026-08-12 15:36:40,549 INFO apps.Account.views Home page rendered: user_id=10 posts=1 stories=0
2026-08-12 15:36:40,567 WARNING apps.Account.views Signup validation failed
2026-08-12 15:36:41,610 INFO apps.Account.views User registered successfully: user_id=11
2026-08-12 15:36:41,610 INFO apps.Account.views Queueing welcome email: user_id=11
2026-08-12 15:36:43,532 INFO apps.Account.views User registered successfully: user_id=12
2026-08-12 15:36:43,532 INFO apps.Account.views Queueing welcome email: user_id=12
2026-08-12 15:36:44,494 INFO apps.Account.views Home page requested: user_id=12
2026-08-12 15:36:44,499 INFO apps.Account.views Home page rendered: user_id=12 posts=0 stories=0
2026-08-12 15:36:45,500 INFO apps.Account.views User registered successfully: user_id=13
2026-08-12 15:36:45,500 INFO apps.Account.views Queueing welcome email: user_id=13
2026-08-12 15:36:46,465 INFO apps.Account.views Home page requested: user_id=13
2026-08-12 15:36:46,471 INFO apps.Account.views Home page rendered: user_id=13 posts=0 stories=0
2026-08-12 15:36:47,506 WARNING apps.Account.views Login failed: invalid credentials or form data
2026-08-12 15:36:52,288 INFO apps.Account.views User login successful: user_id=16
2026-08-12 15:36:55,171 INFO apps.Account.views User login successful: user_id=17
2026-08-12 15:36:55,176 INFO apps.Account.views Home page requested: user_id=17
2026-08-12 15:36:55,182 INFO apps.Account.views Home page rendered: user_id=17 posts=0 stories=0
2026-08-12 15:36:58,043 INFO apps.Account.views User login successful: user_id=18
2026-08-12 15:36:58,048 INFO apps.Account.views Home page requested: user_id=18
2026-08-12 15:36:58,054 INFO apps.Account.views Home page rendered: user_id=18 posts=0 stories=0
2026-08-12 15:37:02,829 INFO apps.Account.views User logout: user_id=20
2026-08-12 15:37:04,749 INFO apps.Account.views User logout: user_id=21
2026-08-12 15:37:06,664 INFO apps.Account.views User logout: user_id=22
2026-08-12 15:37:06,667 WARNING apps.Account.views Login failed: invalid credentials or form data
2026-08-12 15:37:25,184 WARNING apps.Account.views Profile update validation failed: user_id=33
2026-08-12 15:37:27,111 WARNING apps.Account.views Profile update validation failed: user_id=34
2026-08-12 15:37:29,115 INFO apps.Account.views Profile update successful: user_id=35
2026-08-12 15:37:31,106 INFO apps.Account.views Profile update successful: user_id=36
2026-08-12 15:37:33,069 INFO apps.Account.views Profile update successful: user_id=37
2026-08-12 15:39:38,452 INFO apps.Account.views Home page requested: user_id=51
2026-08-12 15:39:38,477 INFO apps.Account.views Home page rendered: user_id=51 posts=0 stories=0
2026-08-12 15:39:40,477 INFO apps.Account.views Home page requested: user_id=52
2026-08-12 15:39:40,485 INFO apps.Account.views Home page rendered: user_id=52 posts=0 stories=0
2026-08-12 15:39:42,421 INFO apps.Account.views Home page requested: user_id=53
2026-08-12 15:39:42,439 INFO apps.Account.views Home page rendered: user_id=53 posts=2 stories=0
2026-08-12 15:39:45,360 INFO apps.Account.views Home page requested: user_id=54
2026-08-12 15:39:45,368 INFO apps.Account.views Home page rendered: user_id=54 posts=0 stories=0
2026-08-12 15:39:48,289 INFO apps.Account.views Home page requested: user_id=56
2026-08-12 15:39:48,297 INFO apps.Account.views Home page rendered: user_id=56 posts=0 stories=0
2026-08-12 15:39:51,291 INFO apps.Account.views Home page requested: user_id=58
2026-08-12 15:39:51,304 INFO apps.Account.views Home page rendered: user_id=58 posts=1 stories=0
2026-08-12 15:39:53,256 INFO apps.Account.views Home page requested: user_id=60
2026-08-12 15:39:53,268 INFO apps.Account.views Home page rendered: user_id=60 posts=1 stories=0
2026-08-12 15:39:53,301 WARNING apps.Account.views Signup validation failed
2026-08-12 15:39:54,332 INFO apps.Account.views User registered successfully: user_id=61
2026-08-12 15:39:54,332 INFO apps.Account.views Queueing welcome email: user_id=61
2026-08-12 15:39:56,261 INFO apps.Account.views User registered successfully: user_id=62
2026-08-12 15:39:56,261 INFO apps.Account.views Queueing welcome email: user_id=62
2026-08-12 15:39:57,268 INFO apps.Account.views Home page requested: user_id=62
2026-08-12 15:39:57,277 INFO apps.Account.views Home page rendered: user_id=62 posts=0 stories=0
2026-08-12 15:39:58,262 INFO apps.Account.views User registered successfully: user_id=63
2026-08-12 15:39:58,262 INFO apps.Account.views Queueing welcome email: user_id=63
2026-08-12 15:39:59,263 INFO apps.Account.views Home page requested: user_id=63
2026-08-12 15:39:59,273 INFO apps.Account.views Home page rendered: user_id=63 posts=0 stories=0
2026-08-12 15:40:00,323 WARNING apps.Account.views Login failed: invalid credentials or form data
2026-08-12 15:40:05,149 INFO apps.Account.views User login successful: user_id=66
2026-08-12 15:40:08,015 INFO apps.Account.views User login successful: user_id=67
2026-08-12 15:40:08,023 INFO apps.Account.views Home page requested: user_id=67
2026-08-12 15:40:08,031 INFO apps.Account.views Home page rendered: user_id=67 posts=0 stories=0
2026-08-12 15:40:10,905 INFO apps.Account.views User login successful: user_id=68
2026-08-12 15:40:10,914 INFO apps.Account.views Home page requested: user_id=68
2026-08-12 15:40:10,922 INFO apps.Account.views Home page rendered: user_id=68 posts=0 stories=0
2026-08-12 15:40:15,741 INFO apps.Account.views User logout: user_id=70
2026-08-12 15:40:17,673 INFO apps.Account.views User logout: user_id=71
2026-08-12 15:40:19,631 INFO apps.Account.views User logout: user_id=72
2026-08-12 15:40:19,636 WARNING apps.Account.views Login failed: invalid credentials or form data
2026-08-12 15:40:38,186 WARNING apps.Account.views Profile update validation failed: user_id=83
2026-08-12 15:40:40,178 WARNING apps.Account.views Profile update validation failed: user_id=84
2026-08-12 15:40:42,120 INFO apps.Account.views Profile update successful: user_id=85
2026-08-12 15:40:44,061 INFO apps.Account.views Profile update successful: user_id=86
2026-08-12 15:40:46,007 INFO apps.Account.views Profile update successful: user_id=87
2026-08-12 15:41:37,729 INFO apps.Notifications.views Notifications viewed: user_id=136 total=1 marked_as_read=1
2026-08-12 15:41:40,702 INFO apps.Notifications.views Notifications viewed: user_id=138 total=1 marked_as_read=1
2026-08-12 15:41:44,556 INFO apps.Notifications.views Notifications viewed: user_id=140 total=1 marked_as_read=1
2026-08-12 15:41:47,760 INFO apps.Notifications.views Unread notification count requested: user_id=143 count=2
2026-08-12 15:41:50,646 INFO apps.Notifications.views Unread notification count requested: user_id=145 count=1
2026-08-12 15:41:52,626 INFO apps.Notifications.views Unread notification count requested: user_id=146 count=0
2026-08-12 15:42:19,359 INFO apps.Stories.views Story created: story_id=7 user_id=172
2026-08-12 15:42:21,314 INFO apps.Stories.views Add story page viewed: user_id=173
2026-08-12 15:42:23,263 INFO apps.Stories.views Story list viewed: user_id=174 story_count=1
2026-08-12 15:42:25,213 INFO apps.Stories.views Story deleted: story_id=9 user_id=175
2026-08-12 15:42:44,809 INFO apps.comments.views Comments page viewed: post_id=23 user_id=193
2026-08-12 15:42:46,809 INFO apps.comments.views Comment created: comment_id=13 post_id=24 user_id=194
2026-08-12 15:42:48,815 INFO apps.comments.views Comment created: comment_id=15 post_id=25 user_id=195
2026-08-12 15:42:50,805 INFO apps.comments.views Comments page viewed: post_id=26 user_id=196
2026-08-12 15:42:51,818 WARNING apps.comments.views Unauthenticated comment submission: post_id=27
2026-08-12 15:42:53,807 INFO apps.comments.views Comment deleted: comment_id=18 post_id=28 user_id=198
2026-08-12 15:42:56,969 INFO apps.comments.views Comment deleted: comment_id=19 post_id=29 user_id=199
2026-08-12 15:43:01,167 WARNING apps.comments.views Unauthorized comment deletion attempt: comment_id=20 post_id=30 user_id=203
2026-08-12 15:43:21,848 INFO apps.posts.views Post created successfully: post_id=47 user_id=223 media_count=1
2026-08-12 15:43:23,846 WARNING apps.posts.views Post creation failed: no media uploaded, user_id=224
2026-08-12 15:43:25,803 WARNING apps.posts.views Post creation failed: unsupported file type user_id=225 file=file.svg content_type=image/svg+xml
2026-08-12 15:43:27,937 INFO apps.posts.views Post deletion authorized: post_id=48 user_id=226
2026-08-12 15:43:30,931 WARNING apps.posts.views Unauthorized post deletion attempt: post_id=49 user_id=228 owner_id=227
2026-08-12 15:43:32,919 INFO apps.posts.views Post liked: post_id=50 user_id=229
2026-08-12 15:43:34,884 INFO apps.posts.views Post unliked: post_id=51 user_id=230
2026-08-12 15:43:36,866 INFO apps.posts.views Post detail viewed: post_id=52 user_id=231
2026-08-12 15:43:38,829 INFO apps.posts.views Post edit authorized: post_id=53 user_id=232
2026-08-12 15:43:41,730 WARNING apps.posts.views Unauthorized post edit attempt: post_id=54 user_id=234 owner_id=233
2026-08-12 15:52:06,191 INFO apps.Account.views Home page requested: user_id=51
2026-08-12 15:52:06,215 INFO apps.Account.views Home page rendered: user_id=51 posts=0 stories=0
2026-08-12 15:52:08,234 INFO apps.Account.views Home page requested: user_id=52
2026-08-12 15:52:08,244 INFO apps.Account.views Home page rendered: user_id=52 posts=0 stories=0
2026-08-12 15:52:10,182 INFO apps.Account.views Home page requested: user_id=53
2026-08-12 15:52:10,200 INFO apps.Account.views Home page rendered: user_id=53 posts=2 stories=0
2026-08-12 15:52:13,116 INFO apps.Account.views Home page requested: user_id=54
2026-08-12 15:52:13,125 INFO apps.Account.views Home page rendered: user_id=54 posts=0 stories=0
2026-08-12 15:52:16,020 INFO apps.Account.views Home page requested: user_id=56
2026-08-12 15:52:16,028 INFO apps.Account.views Home page rendered: user_id=56 posts=0 stories=0
2026-08-12 15:52:18,917 INFO apps.Account.views Home page requested: user_id=58
2026-08-12 15:52:18,929 INFO apps.Account.views Home page rendered: user_id=58 posts=1 stories=0
2026-08-12 15:52:20,889 INFO apps.Account.views Home page requested: user_id=60
2026-08-12 15:52:20,901 INFO apps.Account.views Home page rendered: user_id=60 posts=1 stories=0
2026-08-12 15:52:20,932 WARNING apps.Account.views Signup validation failed
2026-08-12 15:52:21,963 INFO apps.Account.views User registered successfully: user_id=61
2026-08-12 15:52:21,964 INFO apps.Account.views Queueing welcome email: user_id=61
2026-08-12 15:52:23,906 INFO apps.Account.views User registered successfully: user_id=62
2026-08-12 15:52:23,907 INFO apps.Account.views Queueing welcome email: user_id=62
2026-08-12 15:52:24,878 INFO apps.Account.views Home page requested: user_id=62
2026-08-12 15:52:24,886 INFO apps.Account.views Home page rendered: user_id=62 posts=0 stories=0
2026-08-12 15:52:25,874 INFO apps.Account.views User registered successfully: user_id=63
2026-08-12 15:52:25,874 INFO apps.Account.views Queueing welcome email: user_id=63
2026-08-12 15:52:26,846 INFO apps.Account.views Home page requested: user_id=63
2026-08-12 15:52:26,854 INFO apps.Account.views Home page rendered: user_id=63 posts=0 stories=0
2026-08-12 15:52:27,904 WARNING apps.Account.views Login failed: invalid credentials or form data
2026-08-12 15:52:32,741 INFO apps.Account.views User login successful: user_id=66
2026-08-12 15:52:35,614 INFO apps.Account.views User login successful: user_id=67
2026-08-12 15:52:35,622 INFO apps.Account.views Home page requested: user_id=67
2026-08-12 15:52:35,630 INFO apps.Account.views Home page rendered: user_id=67 posts=0 stories=0
2026-08-12 15:52:38,503 INFO apps.Account.views User login successful: user_id=68
2026-08-12 15:52:38,511 INFO apps.Account.views Home page requested: user_id=68
2026-08-12 15:52:38,519 INFO apps.Account.views Home page rendered: user_id=68 posts=0 stories=0
2026-08-12 15:52:43,363 INFO apps.Account.views User logout: user_id=70
2026-08-12 15:52:45,297 INFO apps.Account.views User logout: user_id=71
2026-08-12 15:52:47,236 INFO apps.Account.views User logout: user_id=72
2026-08-12 15:52:47,241 WARNING apps.Account.views Login failed: invalid credentials or form data
2026-08-12 15:53:05,709 WARNING apps.Account.views Profile update validation failed: user_id=83
2026-08-12 15:53:07,671 WARNING apps.Account.views Profile update validation failed: user_id=84
2026-08-12 15:53:09,622 INFO apps.Account.views Profile update successful: user_id=85
2026-08-12 15:53:11,581 INFO apps.Account.views Profile update successful: user_id=86
2026-08-12 15:53:13,523 INFO apps.Account.views Profile update successful: user_id=87
2026-08-12 15:54:04,357 INFO apps.Notifications.views Notifications viewed: user_id=136 total=1 marked_as_read=1
2026-08-12 15:54:07,273 INFO apps.Notifications.views Notifications viewed: user_id=138 total=1 marked_as_read=1
2026-08-12 15:54:11,159 INFO apps.Notifications.views Notifications viewed: user_id=140 total=1 marked_as_read=1
2026-08-12 15:54:14,047 INFO apps.Notifications.views Unread notification count requested: user_id=143 count=2
2026-08-12 15:54:16,928 INFO apps.Notifications.views Unread notification count requested: user_id=145 count=1
2026-08-12 15:54:18,859 INFO apps.Notifications.views Unread notification count requested: user_id=146 count=0
2026-08-12 15:54:45,366 INFO apps.Stories.views Story created: story_id=7 user_id=172
2026-08-12 15:54:47,305 INFO apps.Stories.views Add story page viewed: user_id=173
2026-08-12 15:54:49,245 INFO apps.Stories.views Story list viewed: user_id=174 story_count=1
2026-08-12 15:54:51,189 INFO apps.Stories.views Story deleted: story_id=9 user_id=175
2026-08-12 15:55:10,542 INFO apps.comments.views Comments page viewed: post_id=23 user_id=193
2026-08-12 15:55:12,487 INFO apps.comments.views Comment created: comment_id=13 post_id=24 user_id=194
2026-08-12 15:55:14,436 INFO apps.comments.views Comment created: comment_id=15 post_id=25 user_id=195
2026-08-12 15:55:16,380 INFO apps.comments.views Comments page viewed: post_id=26 user_id=196
2026-08-12 15:55:17,366 WARNING apps.comments.views Unauthenticated comment submission: post_id=27
2026-08-12 15:55:19,310 INFO apps.comments.views Comment deleted: comment_id=18 post_id=28 user_id=198
2026-08-12 15:55:22,205 INFO apps.comments.views Comment deleted: comment_id=19 post_id=29 user_id=199
2026-08-12 15:55:26,050 WARNING apps.comments.views Unauthorized comment deletion attempt: comment_id=20 post_id=30 user_id=203
2026-08-12 15:55:46,472 INFO apps.posts.views Post created successfully: post_id=47 user_id=223 media_count=1
2026-08-12 15:55:48,431 WARNING apps.posts.views Post creation failed: no media uploaded, user_id=224
2026-08-12 15:55:50,369 WARNING apps.posts.views Post creation failed: unsupported file type user_id=225 file=file.svg content_type=image/svg+xml
2026-08-12 15:55:52,310 INFO apps.posts.views Post deletion authorized: post_id=48 user_id=226
2026-08-12 15:55:55,209 WARNING apps.posts.views Unauthorized post deletion attempt: post_id=49 user_id=228 owner_id=227
2026-08-12 15:55:57,157 INFO apps.posts.views Post liked: post_id=50 user_id=229
2026-08-12 15:55:59,101 INFO apps.posts.views Post unliked: post_id=51 user_id=230
2026-08-12 15:56:01,035 INFO apps.posts.views Post detail viewed: post_id=52 user_id=231
2026-08-12 15:56:02,997 INFO apps.posts.views Post edit authorized: post_id=53 user_id=232
2026-08-12 15:56:05,900 WARNING apps.posts.views Unauthorized post edit attempt: post_id=54 user_id=234 owner_id=233
2026-08-12 17:54:57,600 INFO apps.Account.views Home page requested: user_id=5
2026-08-12 17:54:57,680 INFO apps.Account.views Home page rendered: user_id=5 posts=21 stories=7
2026-08-12 17:54:58,078 INFO apps.Notifications.views Unread notification count requested: user_id=5 count=0
2026-08-12 17:55:03,109 INFO apps.Notifications.views Unread notification count requested: user_id=5 count=0
2026-08-12 17:58:33,925 WARNING apps.Account.views Profile update validation failed: user_id=5
2026-08-12 18:00:48,292 WARNING apps.Account.views Profile update validation failed: user_id=5
2026-08-12 18:04:56,875 WARNING apps.Account.views Profile update validation failed: user_id=5
2026-08-12 19:06:54,795 INFO apps.Account.views Home page requested: user_id=5
2026-08-12 19:06:54,865 INFO apps.Account.views Home page rendered: user_id=5 posts=21 stories=7
2026-08-12 19:06:55,251 INFO apps.Notifications.views Unread notification count requested: user_id=5 count=0
2026-08-12 19:08:30,772 INFO apps.Account.views User logout: user_id=5
2026-08-12 19:08:30,788 WARNING apps.Account.views Login failed: invalid credentials or form data
2026-08-12 19:09:03,267 INFO apps.Account.views User login successful: user_id=5
2026-08-12 19:09:03,294 INFO apps.Account.views Home page requested: user_id=5
2026-08-12 19:09:03,363 INFO apps.Account.views Home page rendered: user_id=5 posts=21 stories=7
2026-08-12 19:09:03,668 INFO apps.Notifications.views Unread notification count requested: user_id=5 count=0
2026-08-12 19:09:11,187 INFO apps.Account.views User logout: user_id=5
2026-08-12 19:09:11,197 WARNING apps.Account.views Login failed: invalid credentials or form data
2026-08-12 19:09:55,669 WARNING apps.Account.views Signup validation failed
2026-08-12 19:10:07,370 INFO apps.Account.views Home page requested: user_id=19
2026-08-12 19:10:07,443 INFO apps.Account.views Home page rendered: user_id=19 posts=21 stories=7
2026-08-12 19:10:07,760 INFO apps.Notifications.views Unread notification count requested: user_id=19 count=0
2026-08-12 19:10:19,929 INFO apps.Account.views User logout: user_id=19
2026-08-12 19:10:19,939 WARNING apps.Account.views Login failed: invalid credentials or form data
2026-08-12 19:10:33,390 WARNING apps.Account.views Signup validation failed
2026-08-12 19:11:05,335 WARNING apps.Account.views Login failed: invalid credentials or form data
2026-08-12 19:11:34,057 INFO apps.Account.views User login successful: user_id=15
2026-08-12 19:11:34,131 INFO apps.Account.views Home page requested: user_id=15
2026-08-12 19:11:34,206 INFO apps.Account.views Home page rendered: user_id=15 posts=21 stories=7
2026-08-12 19:11:34,518 INFO apps.Notifications.views Unread notification count requested: user_id=15 count=13
2026-08-12 19:15:23,781 INFO apps.Account.views User logout: user_id=15
2026-08-12 19:15:23,793 WARNING apps.Account.views Login failed: invalid credentials or form data
2026-08-12 19:15:41,579 INFO apps.Account.views User login successful: user_id=13
2026-08-12 19:15:41,676 INFO apps.Account.views User login successful: user_id=13
2026-08-12 19:15:41,706 INFO apps.Account.views Home page requested: user_id=13
2026-08-12 19:15:41,776 INFO apps.Account.views Home page rendered: user_id=13 posts=21 stories=7
2026-08-12 19:15:42,206 INFO apps.Notifications.views Unread notification count requested: user_id=13 count=0
2026-08-12 19:26:29,809 INFO apps.Account.views Home page requested: user_id=13
2026-08-12 19:26:29,886 INFO apps.Account.views Home page rendered: user_id=13 posts=21 stories=7
2026-08-12 19:26:30,389 INFO apps.Notifications.views Unread notification count requested: user_id=13 count=0
2026-08-12 19:29:34,824 INFO apps.Account.views Home page requested: user_id=13
2026-08-12 19:29:34,897 INFO apps.Account.views Home page rendered: user_id=13 posts=21 stories=7
2026-08-12 19:29:35,226 INFO apps.Notifications.views Unread notification count requested: user_id=13 count=0
2026-08-12 19:29:37,811 INFO apps.Account.views User logout: user_id=13
2026-08-12 19:29:37,832 WARNING apps.Account.views Login failed: invalid credentials or form data
2026-08-12 19:29:57,293 INFO apps.Account.views User login successful: user_id=25
2026-08-12 19:29:57,321 INFO apps.Account.views Home page requested: user_id=25
2026-08-12 19:29:57,390 INFO apps.Account.views Home page rendered: user_id=25 posts=21 stories=7
2026-08-12 19:29:57,714 INFO apps.Notifications.views Unread notification count requested: user_id=25 count=0
2026-08-12 19:42:36,107 INFO apps.Account.views User logout: user_id=25
2026-08-12 19:42:36,118 WARNING apps.Account.views Login failed: invalid credentials or form data
2026-08-12 19:43:44,099 INFO apps.Account.views User login successful: user_id=15
2026-08-12 19:43:44,127 INFO apps.Account.views Home page requested: user_id=15
2026-08-12 19:43:44,198 INFO apps.Account.views Home page rendered: user_id=15 posts=21 stories=7
2026-08-12 19:43:44,701 INFO apps.Notifications.views Unread notification count requested: user_id=15 count=13
2026-08-13 11:29:25,794 INFO apps.Account.views Home page requested: user_id=15
2026-08-13 11:29:25,878 INFO apps.Account.views Home page rendered: user_id=15 posts=21 stories=7
2026-08-13 11:29:26,307 INFO apps.Notifications.views Unread notification count requested: user_id=15 count=13
2026-08-13 11:29:31,314 INFO apps.Notifications.views Unread notification count requested: user_id=15 count=13
2026-08-13 11:29:36,334 INFO apps.Notifications.views Unread notification count requested: user_id=15 count=13
2026-08-13 11:29:41,343 INFO apps.Notifications.views Unread notification count requested: user_id=15 count=13
2026-08-13 11:29:46,790 INFO apps.Notifications.views Unread notification count requested: user_id=15 count=13
2026-08-13 11:29:51,309 INFO apps.Notifications.views Unread notification count requested: user_id=15 count=13
2026-08-13 11:29:56,302 INFO apps.Notifications.views Unread notification count requested: user_id=15 count=13
2026-08-13 11:30:01,343 INFO apps.Notifications.views Unread notification count requested: user_id=15 count=13
2026-08-13 11:30:06,330 INFO apps.Notifications.views Unread notification count requested: user_id=15 count=13
2026-08-13 11:30:11,317 INFO apps.Notifications.views Unread notification count requested: user_id=15 count=13
2026-08-13 11:30:16,335 INFO apps.Notifications.views Unread notification count requested: user_id=15 count=13
2026-08-13 11:30:38,679 INFO apps.Account.views Home page requested: user_id=15
2026-08-13 11:30:38,750 INFO apps.Account.views Home page rendered: user_id=15 posts=21 stories=7
2026-08-13 11:30:39,487 INFO apps.Notifications.views Unread notification count requested: user_id=15 count=13
2026-08-13 11:30:44,465 INFO apps.Notifications.views Unread notification count requested: user_id=15 count=13
2026-08-13 11:30:49,502 INFO apps.Notifications.views Unread notification count requested: user_id=15 count=13
2026-08-13 11:30:54,466 INFO apps.Notifications.views Unread notification count requested: user_id=15 count=13
2026-08-13 11:30:59,502 INFO apps.Notifications.views Unread notification count requested: user_id=15 count=13
2026-08-13 11:31:04,499 INFO apps.Notifications.views Unread notification count requested: user_id=15 count=13
2026-08-13 11:31:09,465 INFO apps.Notifications.views Unread notification count requested: user_id=15 count=13
2026-08-13 11:31:14,482 INFO apps.Notifications.views Unread notification count requested: user_id=15 count=13
2026-08-13 11:31:19,465 INFO apps.Notifications.views Unread notification count requested: user_id=15 count=13
2026-08-13 11:31:24,491 INFO apps.Notifications.views Unread notification count requested: user_id=15 count=13
2026-08-13 11:31:29,474 INFO apps.Notifications.views Unread notification count requested: user_id=15 count=13
2026-08-13 11:31:34,464 INFO apps.Notifications.views Unread notification count requested: user_id=15 count=13
2026-08-13 11:31:39,476 INFO apps.Notifications.views Unread notification count requested: user_id=15 count=13
2026-08-13 11:31:44,498 INFO apps.Notifications.views Unread notification count requested: user_id=15 count=13
2026-08-13 11:31:49,472 INFO apps.Notifications.views Unread notification count requested: user_id=15 count=13
2026-08-13 11:31:54,503 INFO apps.Notifications.views Unread notification count requested: user_id=15 count=13
2026-08-13 11:31:59,504 INFO apps.Notifications.views Unread notification count requested: user_id=15 count=13
2026-08-13 11:32:04,473 INFO apps.Notifications.views Unread notification count requested: user_id=15 count=13
2026-08-13 11:32:09,471 INFO apps.Notifications.views Unread notification count requested: user_id=15 count=13
2026-08-13 11:32:14,473 INFO apps.Notifications.views Unread notification count requested: user_id=15 count=13
2026-08-13 11:32:19,473 INFO apps.Notifications.views Unread notification count requested: user_id=15 count=13
2026-08-13 11:32:24,476 INFO apps.Notifications.views Unread notification count requested: user_id=15 count=13
2026-08-13 11:32:29,464 INFO apps.Notifications.views Unread notification count requested: user_id=15 count=13
2026-08-13 11:32:34,476 INFO apps.Notifications.views Unread notification count requested: user_id=15 count=13
2026-08-13 11:32:39,475 INFO apps.Notifications.views Unread notification count requested: user_id=15 count=13
2026-08-13 11:32:44,473 INFO apps.Notifications.views Unread notification count requested: user_id=15 count=13
2026-08-13 11:32:49,472 INFO apps.Notifications.views Unread notification count requested: user_id=15 count=13
2026-08-13 11:32:54,479 INFO apps.Notifications.views Unread notification count requested: user_id=15 count=13
2026-08-13 11:32:59,476 INFO apps.Notifications.views Unread notification count requested: user_id=15 count=13
2026-08-13 11:33:04,465 INFO apps.Notifications.views Unread notification count requested: user_id=15 count=13
2026-08-13 11:33:09,473 INFO apps.Notifications.views Unread notification count requested: user_id=15 count=13
2026-08-13 11:33:14,473 INFO apps.Notifications.views Unread notification count requested: user_id=15 count=13
2026-08-13 11:33:19,473 INFO apps.Notifications.views Unread notification count requested: user_id=15 count=13
2026-08-13 11:33:24,472 INFO apps.Notifications.views Unread notification count requested: user_id=15 count=13
2026-08-13 11:33:29,479 INFO apps.Notifications.views Unread notification count requested: user_id=15 count=13
2026-08-13 11:33:34,476 INFO apps.Notifications.views Unread notification count requested: user_id=15 count=13
2026-08-13 11:33:39,470 INFO apps.Notifications.views Unread notification count requested: user_id=15 count=13
2026-08-13 11:33:44,476 INFO apps.Notifications.views Unread notification count requested: user_id=15 count=13
2026-08-13 11:33:49,476 INFO apps.Notifications.views Unread notification count requested: user_id=15 count=13
2026-08-13 11:33:54,476 INFO apps.Notifications.views Unread notification count requested: user_id=15 count=13
2026-08-13 11:33:59,473 INFO apps.Notifications.views Unread notification count requested: user_id=15 count=13
2026-08-13 11:34:04,479 INFO apps.Notifications.views Unread notification count requested: user_id=15 count=13
2026-08-13 11:34:09,475 INFO apps.Notifications.views Unread notification count requested: user_id=15 count=13
2026-08-13 11:34:14,471 INFO apps.Notifications.views Unread notification count requested: user_id=15 count=13
2026-08-13 11:34:19,476 INFO apps.Notifications.views Unread notification count requested: user_id=15 count=13
2026-08-13 11:34:24,474 INFO apps.Notifications.views Unread notification count requested: user_id=15 count=13
2026-08-13 11:34:29,473 INFO apps.Notifications.views Unread notification count requested: user_id=15 count=13
2026-08-13 11:34:34,479 INFO apps.Notifications.views Unread notification count requested: user_id=15 count=13
2026-08-13 11:34:39,479 INFO apps.Notifications.views Unread notification count requested: user_id=15 count=13
2026-08-13 11:34:44,471 INFO apps.Notifications.views Unread notification count requested: user_id=15 count=13
2026-08-13 11:34:49,474 INFO apps.Notifications.views Unread notification count requested: user_id=15 count=13
2026-08-13 11:34:54,473 INFO apps.Notifications.views Unread notification count requested: user_id=15 count=13
2026-08-13 11:34:59,474 INFO apps.Notifications.views Unread notification count requested: user_id=15 count=13
2026-08-13 11:35:04,474 INFO apps.Notifications.views Unread notification count requested: user_id=15 count=13
2026-08-13 11:35:09,473 INFO apps.Notifications.views Unread notification count requested: user_id=15 count=13
2026-08-13 11:35:14,474 INFO apps.Notifications.views Unread notification count requested: user_id=15 count=13
2026-08-13 11:35:19,468 INFO apps.Notifications.views Unread notification count requested: user_id=15 count=13
2026-08-13 11:35:24,473 INFO apps.Notifications.views Unread notification count requested: user_id=15 count=13
2026-08-13 11:35:29,474 INFO apps.Notifications.views Unread notification count requested: user_id=15 count=13
2026-08-13 11:35:34,472 INFO apps.Notifications.views Unread notification count requested: user_id=15 count=13
2026-08-13 11:35:39,476 INFO apps.Notifications.views Unread notification count requested: user_id=15 count=13
2026-08-13 11:35:44,476 INFO apps.Notifications.views Unread notification count requested: user_id=15 count=13
2026-08-13 11:35:49,476 INFO apps.Notifications.views Unread notification count requested: user_id=15 count=13
2026-08-13 11:35:54,465 INFO apps.Notifications.views Unread notification count requested: user_id=15 count=13
2026-08-13 11:35:59,476 INFO apps.Notifications.views Unread notification count requested: user_id=15 count=13
2026-08-13 11:36:04,476 INFO apps.Notifications.views Unread notification count requested: user_id=15 count=13
2026-08-13 11:36:09,472 INFO apps.Notifications.views Unread notification count requested: user_id=15 count=13
2026-08-13 11:36:14,504 INFO apps.Notifications.views Unread notification count requested: user_id=15 count=13
2026-08-13 11:36:19,498 INFO apps.Notifications.views Unread notification count requested: user_id=15 count=13
2026-08-13 11:36:24,471 INFO apps.Notifications.views Unread notification count requested: user_id=15 count=13
2026-08-13 11:36:29,473 INFO apps.Notifications.views Unread notification count requested: user_id=15 count=13
2026-08-13 11:36:34,472 INFO apps.Notifications.views Unread notification count requested: user_id=15 count=13
2026-08-13 11:36:39,471 INFO apps.Notifications.views Unread notification count requested: user_id=15 count=13
2026-08-13 11:36:44,472 INFO apps.Notifications.views Unread notification count requested: user_id=15 count=13
2026-08-13 11:36:49,471 INFO apps.Notifications.views Unread notification count requested: user_id=15 count=13
2026-08-13 11:36:54,495 INFO apps.Notifications.views Unread notification count requested: user_id=15 count=13
2026-08-13 11:36:59,473 INFO apps.Notifications.views Unread notification count requested: user_id=15 count=13
2026-08-13 11:37:04,473 INFO apps.Notifications.views Unread notification count requested: user_id=15 count=13
2026-08-13 11:37:09,463 INFO apps.Notifications.views Unread notification count requested: user_id=15 count=13
2026-08-13 11:37:14,463 INFO apps.Notifications.views Unread notification count requested: user_id=15 count=13
2026-08-13 11:37:19,464 INFO apps.Notifications.views Unread notification count requested: user_id=15 count=13
2026-08-13 11:37:24,463 INFO apps.Notifications.views Unread notification count requested: user_id=15 count=13
2026-08-13 11:37:29,463 INFO apps.Notifications.views Unread notification count requested: user_id=15 count=13
2026-08-13 11:37:34,465 INFO apps.Notifications.views Unread notification count requested: user_id=15 count=13
2026-08-13 11:37:39,464 INFO apps.Notifications.views Unread notification count requested: user_id=15 count=13
2026-08-13 11:37:44,463 INFO apps.Notifications.views Unread notification count requested: user_id=15 count=13
2026-08-13 11:37:49,463 INFO apps.Notifications.views Unread notification count requested: user_id=15 count=13
2026-08-13 11:37:54,463 INFO apps.Notifications.views Unread notification count requested: user_id=15 count=13
2026-08-13 11:37:59,463 INFO apps.Notifications.views Unread notification count requested: user_id=15 count=13
2026-08-13 11:38:04,463 INFO apps.Notifications.views Unread notification count requested: user_id=15 count=13
2026-08-13 11:38:04,474 INFO apps.Account.views Home page requested: user_id=51
2026-08-13 11:38:04,498 INFO apps.Account.views Home page rendered: user_id=51 posts=0 stories=0
2026-08-13 11:38:06,278 INFO apps.Account.views Home page requested: user_id=52
2026-08-13 11:38:06,286 INFO apps.Account.views Home page rendered: user_id=52 posts=0 stories=0
2026-08-13 11:38:07,998 INFO apps.Account.views Home page requested: user_id=53
2026-08-13 11:38:08,014 INFO apps.Account.views Home page rendered: user_id=53 posts=2 stories=0
2026-08-13 11:38:09,463 INFO apps.Notifications.views Unread notification count requested: user_id=15 count=13
2026-08-13 11:38:10,619 INFO apps.Account.views Home page requested: user_id=54
2026-08-13 11:38:10,627 INFO apps.Account.views Home page rendered: user_id=54 posts=0 stories=0
2026-08-13 11:38:13,179 INFO apps.Account.views Home page requested: user_id=56
2026-08-13 11:38:13,187 INFO apps.Account.views Home page rendered: user_id=56 posts=0 stories=0
2026-08-13 11:38:14,464 INFO apps.Notifications.views Unread notification count requested: user_id=15 count=13
2026-08-13 11:38:15,755 INFO apps.Account.views Home page requested: user_id=58
2026-08-13 11:38:15,767 INFO apps.Account.views Home page rendered: user_id=58 posts=1 stories=0
2026-08-13 11:38:17,493 INFO apps.Account.views Home page requested: user_id=60
2026-08-13 11:38:17,505 INFO apps.Account.views Home page rendered: user_id=60 posts=1 stories=0
2026-08-13 11:38:17,536 WARNING apps.Account.views Signup validation failed
2026-08-13 11:38:18,457 INFO apps.Account.views User registered successfully: user_id=61
2026-08-13 11:38:18,459 INFO apps.Account.views Queueing welcome email: user_id=61
2026-08-13 11:38:19,463 INFO apps.Notifications.views Unread notification count requested: user_id=15 count=13
2026-08-13 11:38:20,185 INFO apps.Account.views User registered successfully: user_id=62
2026-08-13 11:38:20,185 INFO apps.Account.views Queueing welcome email: user_id=62
2026-08-13 11:38:21,037 INFO apps.Account.views Home page requested: user_id=62
2026-08-13 11:38:21,045 INFO apps.Account.views Home page rendered: user_id=62 posts=0 stories=0
2026-08-13 11:38:21,914 INFO apps.Account.views User registered successfully: user_id=63
2026-08-13 11:38:21,914 INFO apps.Account.views Queueing welcome email: user_id=63
2026-08-13 11:38:22,763 INFO apps.Account.views Home page requested: user_id=63
2026-08-13 11:38:22,772 INFO apps.Account.views Home page rendered: user_id=63 posts=0 stories=0
2026-08-13 11:38:23,708 WARNING apps.Account.views Login failed: invalid credentials or form data
2026-08-13 11:38:24,463 INFO apps.Notifications.views Unread notification count requested: user_id=15 count=13
2026-08-13 11:38:27,991 INFO apps.Account.views User login successful: user_id=66
2026-08-13 11:38:29,463 INFO apps.Notifications.views Unread notification count requested: user_id=15 count=13
2026-08-13 11:38:30,538 INFO apps.Account.views User login successful: user_id=67
2026-08-13 11:38:30,545 INFO apps.Account.views Home page requested: user_id=67
2026-08-13 11:38:30,553 INFO apps.Account.views Home page rendered: user_id=67 posts=0 stories=0
2026-08-13 11:38:33,095 INFO apps.Account.views User login successful: user_id=68
2026-08-13 11:38:33,103 INFO apps.Account.views Home page requested: user_id=68
2026-08-13 11:38:33,111 INFO apps.Account.views Home page rendered: user_id=68 posts=0 stories=0
2026-08-13 11:38:34,463 INFO apps.Notifications.views Unread notification count requested: user_id=15 count=13
2026-08-13 11:38:37,385 INFO apps.Account.views User logout: user_id=70
2026-08-13 11:38:39,098 INFO apps.Account.views User logout: user_id=71
2026-08-13 11:38:39,463 INFO apps.Notifications.views Unread notification count requested: user_id=15 count=13
2026-08-13 11:38:40,820 INFO apps.Account.views User logout: user_id=72
2026-08-13 11:38:40,825 WARNING apps.Account.views Login failed: invalid credentials or form data
2026-08-13 11:38:44,463 INFO apps.Notifications.views Unread notification count requested: user_id=15 count=13
2026-08-13 11:38:49,463 INFO apps.Notifications.views Unread notification count requested: user_id=15 count=13
2026-08-13 11:38:54,463 INFO apps.Notifications.views Unread notification count requested: user_id=15 count=13
2026-08-13 11:38:57,242 WARNING apps.Account.views Profile update validation failed: user_id=83
2026-08-13 11:38:58,975 WARNING apps.Account.views Profile update validation failed: user_id=84
2026-08-13 11:38:59,463 INFO apps.Notifications.views Unread notification count requested: user_id=15 count=13
2026-08-13 11:39:00,718 INFO apps.Account.views Profile update successful: user_id=85
2026-08-13 11:39:02,438 INFO apps.Account.views Profile update successful: user_id=86
2026-08-13 11:39:04,178 INFO apps.Account.views Profile update successful: user_id=87
2026-08-13 11:39:04,463 INFO apps.Notifications.views Unread notification count requested: user_id=15 count=13
2026-08-13 11:39:09,464 INFO apps.Notifications.views Unread notification count requested: user_id=15 count=13
2026-08-13 11:39:14,463 INFO apps.Notifications.views Unread notification count requested: user_id=15 count=13
2026-08-13 11:39:19,463 INFO apps.Notifications.views Unread notification count requested: user_id=15 count=13
2026-08-13 11:39:24,463 INFO apps.Notifications.views Unread notification count requested: user_id=15 count=13
2026-08-13 11:39:29,463 INFO apps.Notifications.views Unread notification count requested: user_id=15 count=13
2026-08-13 11:39:34,463 INFO apps.Notifications.views Unread notification count requested: user_id=15 count=13
2026-08-13 11:39:39,463 INFO apps.Notifications.views Unread notification count requested: user_id=15 count=13
2026-08-13 11:39:44,463 INFO apps.Notifications.views Unread notification count requested: user_id=15 count=13
2026-08-13 11:39:49,463 INFO apps.Notifications.views Unread notification count requested: user_id=15 count=13
2026-08-13 11:39:49,647 INFO apps.Notifications.views Notifications viewed: user_id=136 total=1 marked_as_read=1
2026-08-13 11:39:52,264 INFO apps.Notifications.views Notifications viewed: user_id=138 total=1 marked_as_read=1
2026-08-13 11:39:54,463 INFO apps.Notifications.views Unread notification count requested: user_id=15 count=13
2026-08-13 11:39:55,739 INFO apps.Notifications.views Notifications viewed: user_id=140 total=1 marked_as_read=1
2026-08-13 11:39:58,353 INFO apps.Notifications.views Unread notification count requested: user_id=143 count=2
2026-08-13 11:39:59,463 INFO apps.Notifications.views Unread notification count requested: user_id=15 count=13
2026-08-13 11:40:00,963 INFO apps.Notifications.views Unread notification count requested: user_id=145 count=1
2026-08-13 11:40:02,708 INFO apps.Notifications.views Unread notification count requested: user_id=146 count=0
2026-08-13 11:40:04,465 INFO apps.Notifications.views Unread notification count requested: user_id=15 count=13
2026-08-13 11:40:09,463 INFO apps.Notifications.views Unread notification count requested: user_id=15 count=13
2026-08-13 11:40:14,463 INFO apps.Notifications.views Unread notification count requested: user_id=15 count=13
2026-08-13 11:40:19,463 INFO apps.Notifications.views Unread notification count requested: user_id=15 count=13
2026-08-13 11:40:24,466 INFO apps.Notifications.views Unread notification count requested: user_id=15 count=13
2026-08-13 11:40:26,381 INFO apps.Stories.views Story created: story_id=7 user_id=172
2026-08-13 11:40:28,185 INFO apps.Stories.views Add story page viewed: user_id=173
2026-08-13 11:40:29,463 INFO apps.Notifications.views Unread notification count requested: user_id=15 count=13
2026-08-13 11:40:29,980 INFO apps.Stories.views Story list viewed: user_id=174 story_count=1
2026-08-13 11:40:31,742 INFO apps.Stories.views Story deleted: story_id=9 user_id=175
2026-08-13 11:40:34,463 INFO apps.Notifications.views Unread notification count requested: user_id=15 count=13
2026-08-13 11:40:39,464 INFO apps.Notifications.views Unread notification count requested: user_id=15 count=13
2026-08-13 11:40:44,463 INFO apps.Notifications.views Unread notification count requested: user_id=15 count=13
2026-08-13 11:40:49,336 INFO apps.comments.views Comments page viewed: post_id=23 user_id=193
2026-08-13 11:40:49,463 INFO apps.Notifications.views Unread notification count requested: user_id=15 count=13
2026-08-13 11:40:51,107 INFO apps.comments.views Comment created: comment_id=13 post_id=24 user_id=194
2026-08-13 11:40:52,870 INFO apps.comments.views Comment created: comment_id=15 post_id=25 user_id=195
2026-08-13 11:40:54,463 INFO apps.Notifications.views Unread notification count requested: user_id=15 count=13
2026-08-13 11:40:54,637 INFO apps.comments.views Comments page viewed: post_id=26 user_id=196
2026-08-13 11:40:55,536 WARNING apps.comments.views Unauthenticated comment submission: post_id=27
2026-08-13 11:40:57,285 INFO apps.comments.views Comment deleted: comment_id=18 post_id=28 user_id=198
2026-08-13 11:40:59,463 INFO apps.Notifications.views Unread notification count requested: user_id=15 count=13
2026-08-13 11:40:59,908 INFO apps.comments.views Comment deleted: comment_id=19 post_id=29 user_id=199
2026-08-13 11:41:03,519 WARNING apps.comments.views Unauthorized comment deletion attempt: comment_id=20 post_id=30 user_id=203
2026-08-13 11:41:04,465 INFO apps.Notifications.views Unread notification count requested: user_id=15 count=13
2026-08-13 11:41:09,464 INFO apps.Notifications.views Unread notification count requested: user_id=15 count=13
2026-08-13 11:41:14,463 INFO apps.Notifications.views Unread notification count requested: user_id=15 count=13
2026-08-13 11:41:19,463 INFO apps.Notifications.views Unread notification count requested: user_id=15 count=13
2026-08-13 11:41:22,370 INFO apps.posts.views Post created successfully: post_id=47 user_id=223 media_count=1
2026-08-13 11:41:24,150 WARNING apps.posts.views Post creation failed: no media uploaded, user_id=224
2026-08-13 11:41:24,463 INFO apps.Notifications.views Unread notification count requested: user_id=15 count=13
2026-08-13 11:41:25,890 WARNING apps.posts.views Post creation failed: unsupported file type user_id=225 file=file.svg content_type=image/svg+xml
2026-08-13 11:41:27,634 INFO apps.posts.views Post deletion authorized: post_id=48 user_id=226
2026-08-13 11:41:29,463 INFO apps.Notifications.views Unread notification count requested: user_id=15 count=13
2026-08-13 11:41:30,243 WARNING apps.posts.views Unauthorized post deletion attempt: post_id=49 user_id=228 owner_id=227
2026-08-13 11:41:32,009 INFO apps.posts.views Post liked: post_id=50 user_id=229
2026-08-13 11:41:33,766 INFO apps.posts.views Post unliked: post_id=51 user_id=230
2026-08-13 11:41:34,463 INFO apps.Notifications.views Unread notification count requested: user_id=15 count=13
2026-08-13 11:41:35,535 INFO apps.posts.views Post detail viewed: post_id=52 user_id=231
2026-08-13 11:41:37,308 INFO apps.posts.views Post edit authorized: post_id=53 user_id=232
2026-08-13 11:41:39,464 INFO apps.Notifications.views Unread notification count requested: user_id=15 count=13
2026-08-13 11:41:39,903 WARNING apps.posts.views Unauthorized post edit attempt: post_id=54 user_id=234 owner_id=233
2026-08-13 11:41:44,463 INFO apps.Notifications.views Unread notification count requested: user_id=15 count=13
2026-08-13 11:41:49,463 INFO apps.Notifications.views Unread notification count requested: user_id=15 count=13
2026-08-13 11:41:54,472 INFO apps.Notifications.views Unread notification count requested: user_id=15 count=13
2026-08-13 11:41:59,471 INFO apps.Notifications.views Unread notification count requested: user_id=15 count=13
2026-08-13 11:42:04,484 INFO apps.Notifications.views Unread notification count requested: user_id=15 count=13
2026-08-13 11:42:09,472 INFO apps.Notifications.views Unread notification count requested: user_id=15 count=13
2026-08-13 11:42:14,468 INFO apps.Notifications.views Unread notification count requested: user_id=15 count=13
2026-08-13 11:42:19,988 INFO apps.Notifications.views Unread notification count requested: user_id=15 count=13
2026-08-13 11:42:24,992 INFO apps.Notifications.views Unread notification count requested: user_id=15 count=13
2026-08-13 11:42:29,987 INFO apps.Notifications.views Unread notification count requested: user_id=15 count=13
2026-08-13 11:42:34,987 INFO apps.Notifications.views Unread notification count requested: user_id=15 count=13
2026-08-13 11:42:39,987 INFO apps.Notifications.views Unread notification count requested: user_id=15 count=13
2026-08-13 11:42:44,987 INFO apps.Notifications.views Unread notification count requested: user_id=15 count=13
2026-08-13 11:42:49,991 INFO apps.Notifications.views Unread notification count requested: user_id=15 count=13
2026-08-13 11:42:54,987 INFO apps.Notifications.views Unread notification count requested: user_id=15 count=13
2026-08-13 11:42:59,981 INFO apps.Notifications.views Unread notification count requested: user_id=15 count=13
2026-08-13 11:43:04,987 INFO apps.Notifications.views Unread notification count requested: user_id=15 count=13
2026-08-13 11:43:10,013 INFO apps.Notifications.views Unread notification count requested: user_id=15 count=13
2026-08-13 11:43:14,987 INFO apps.Notifications.views Unread notification count requested: user_id=15 count=13
2026-08-13 11:43:19,987 INFO apps.Notifications.views Unread notification count requested: user_id=15 count=13
2026-08-13 11:43:24,991 INFO apps.Notifications.views Unread notification count requested: user_id=15 count=13
2026-08-13 11:43:29,982 INFO apps.Notifications.views Unread notification count requested: user_id=15 count=13
2026-08-13 11:43:34,987 INFO apps.Notifications.views Unread notification count requested: user_id=15 count=13
2026-08-13 11:43:39,987 INFO apps.Notifications.views Unread notification count requested: user_id=15 count=13
2026-08-13 11:43:45,017 INFO apps.Notifications.views Unread notification count requested: user_id=15 count=13
2026-08-13 11:44:40,988 INFO apps.Notifications.views Unread notification count requested: user_id=15 count=13
2026-08-13 11:45:40,987 INFO apps.Notifications.views Unread notification count requested: user_id=15 count=13
2026-08-13 11:46:40,991 INFO apps.Notifications.views Unread notification count requested: user_id=15 count=13
2026-08-13 11:47:40,988 INFO apps.Notifications.views Unread notification count requested: user_id=15 count=13
2026-08-13 11:48:40,985 INFO apps.Notifications.views Unread notification count requested: user_id=15 count=13
2026-08-13 11:49:40,989 INFO apps.Notifications.views Unread notification count requested: user_id=15 count=13
2026-08-13 11:50:41,020 INFO apps.Notifications.views Unread notification count requested: user_id=15 count=13
2026-08-13 11:51:40,988 INFO apps.Notifications.views Unread notification count requested: user_id=15 count=13
2026-08-13 11:52:40,985 INFO apps.Notifications.views Unread notification count requested: user_id=15 count=13
2026-08-13 11:53:40,994 INFO apps.Notifications.views Unread notification count requested: user_id=15 count=13
2026-08-13 11:54:40,986 INFO apps.Notifications.views Unread notification count requested: user_id=15 count=13
2026-08-13 11:55:40,994 INFO apps.Notifications.views Unread notification count requested: user_id=15 count=13
2026-08-13 11:56:41,018 INFO apps.Notifications.views Unread notification count requested: user_id=15 count=13
2026-08-13 11:57:41,011 INFO apps.Notifications.views Unread notification count requested: user_id=15 count=13
2026-08-13 11:58:41,014 INFO apps.Notifications.views Unread notification count requested: user_id=15 count=13
2026-08-13 11:59:40,986 INFO apps.Notifications.views Unread notification count requested: user_id=15 count=13
2026-08-13 12:00:40,980 INFO apps.Notifications.views Unread notification count requested: user_id=15 count=13
2026-08-13 12:01:40,996 INFO apps.Notifications.views Unread notification count requested: user_id=15 count=13
2026-08-13 12:02:40,984 INFO apps.Notifications.views Unread notification count requested: user_id=15 count=13
2026-08-13 12:03:40,983 INFO apps.Notifications.views Unread notification count requested: user_id=15 count=13
2026-08-13 12:04:40,988 INFO apps.Notifications.views Unread notification count requested: user_id=15 count=13
2026-08-13 12:05:41,020 INFO apps.Notifications.views Unread notification count requested: user_id=15 count=13
2026-08-13 12:06:40,995 INFO apps.Notifications.views Unread notification count requested: user_id=15 count=13
2026-08-13 12:07:40,987 INFO apps.Notifications.views Unread notification count requested: user_id=15 count=13
2026-08-13 12:08:40,986 INFO apps.Notifications.views Unread notification count requested: user_id=15 count=13
2026-08-13 12:09:40,984 INFO apps.Notifications.views Unread notification count requested: user_id=15 count=13
2026-08-13 12:10:40,985 INFO apps.Notifications.views Unread notification count requested: user_id=15 count=13
2026-08-13 12:11:40,988 INFO apps.Notifications.views Unread notification count requested: user_id=15 count=13
2026-08-13 12:12:40,988 INFO apps.Notifications.views Unread notification count requested: user_id=15 count=13
2026-08-13 12:13:40,979 INFO apps.Notifications.views Unread notification count requested: user_id=15 count=13
2026-08-13 12:14:40,987 INFO apps.Notifications.views Unread notification count requested: user_id=15 count=13
2026-08-13 12:15:40,984 INFO apps.Notifications.views Unread notification count requested: user_id=15 count=13
2026-08-13 12:16:40,985 INFO apps.Notifications.views Unread notification count requested: user_id=15 count=13
2026-08-13 12:17:40,983 INFO apps.Notifications.views Unread notification count requested: user_id=15 count=13
2026-08-13 12:18:41,001 INFO apps.Notifications.views Unread notification count requested: user_id=15 count=13
2026-08-13 12:18:57,692 INFO apps.Notifications.views Unread notification count requested: user_id=15 count=13
2026-08-13 12:19:00,011 INFO apps.Notifications.views Unread notification count requested: user_id=15 count=13
2026-08-13 12:19:05,016 INFO apps.Notifications.views Unread notification count requested: user_id=15 count=13
2026-08-13 12:19:10,011 INFO apps.Notifications.views Unread notification count requested: user_id=15 count=13
2026-08-13 12:19:15,017 INFO apps.Notifications.views Unread notification count requested: user_id=15 count=13
2026-08-13 12:19:20,013 INFO apps.Notifications.views Unread notification count requested: user_id=15 count=13
2026-08-13 12:19:25,013 INFO apps.Notifications.views Unread notification count requested: user_id=15 count=13
2026-08-13 12:19:30,011 INFO apps.Notifications.views Unread notification count requested: user_id=15 count=13
2026-08-13 12:19:35,008 INFO apps.Notifications.views Unread notification count requested: user_id=15 count=13
2026-08-13 12:19:39,978 INFO apps.Notifications.views Unread notification count requested: user_id=15 count=13
2026-08-13 12:19:45,010 INFO apps.Notifications.views Unread notification count requested: user_id=15 count=13
2026-08-13 12:19:50,014 INFO apps.Notifications.views Unread notification count requested: user_id=15 count=13
2026-08-13 12:19:55,011 INFO apps.Notifications.views Unread notification count requested: user_id=15 count=13
2026-08-13 12:20:41,013 INFO apps.Notifications.views Unread notification count requested: user_id=15 count=13
2026-08-13 12:21:41,022 INFO apps.Notifications.views Unread notification count requested: user_id=15 count=13
2026-08-13 12:22:40,995 INFO apps.Notifications.views Unread notification count requested: user_id=15 count=13
2026-08-13 12:23:41,021 INFO apps.Notifications.views Unread notification count requested: user_id=15 count=13
2026-08-13 12:24:41,002 INFO apps.Notifications.views Unread notification count requested: user_id=15 count=13
2026-08-13 12:25:40,986 INFO apps.Notifications.views Unread notification count requested: user_id=15 count=13
2026-08-13 12:26:41,005 INFO apps.Notifications.views Unread notification count requested: user_id=15 count=13
2026-08-13 12:27:40,994 INFO apps.Notifications.views Unread notification count requested: user_id=15 count=13
2026-08-13 12:28:41,015 INFO apps.Notifications.views Unread notification count requested: user_id=15 count=13
2026-08-13 12:29:41,008 INFO apps.Notifications.views Unread notification count requested: user_id=15 count=13
2026-08-13 12:30:40,978 INFO apps.Notifications.views Unread notification count requested: user_id=15 count=13
2026-08-13 12:31:41,018 INFO apps.Notifications.views Unread notification count requested: user_id=15 count=13
2026-08-13 12:32:40,979 INFO apps.Notifications.views Unread notification count requested: user_id=15 count=13
2026-08-13 12:33:41,016 INFO apps.Notifications.views Unread notification count requested: user_id=15 count=13
2026-08-13 12:34:40,991 INFO apps.Notifications.views Unread notification count requested: user_id=15 count=13
2026-08-13 12:35:41,010 INFO apps.Notifications.views Unread notification count requested: user_id=15 count=13
2026-08-13 12:36:41,014 INFO apps.Notifications.views Unread notification count requested: user_id=15 count=13
2026-08-13 12:37:41,017 INFO apps.Notifications.views Unread notification count requested: user_id=15 count=13
2026-08-13 12:38:40,979 INFO apps.Notifications.views Unread notification count requested: user_id=15 count=13
2026-08-13 12:39:41,003 INFO apps.Notifications.views Unread notification count requested: user_id=15 count=13
2026-08-13 12:40:40,981 INFO apps.Notifications.views Unread notification count requested: user_id=15 count=13
2026-08-13 12:41:41,008 INFO apps.Notifications.views Unread notification count requested: user_id=15 count=13
2026-08-13 12:42:41,020 INFO apps.Notifications.views Unread notification count requested: user_id=15 count=13
2026-08-13 12:43:40,994 INFO apps.Notifications.views Unread notification count requested: user_id=15 count=13
2026-08-13 12:44:40,986 INFO apps.Notifications.views Unread notification count requested: user_id=15 count=13
2026-08-13 12:45:40,979 INFO apps.Notifications.views Unread notification count requested: user_id=15 count=13
2026-08-13 12:46:40,998 INFO apps.Notifications.views Unread notification count requested: user_id=15 count=13
2026-08-13 12:47:41,016 INFO apps.Notifications.views Unread notification count requested: user_id=15 count=13
2026-08-13 12:48:41,020 INFO apps.Notifications.views Unread notification count requested: user_id=15 count=13
2026-08-13 12:49:41,009 INFO apps.Notifications.views Unread notification count requested: user_id=15 count=13
2026-08-13 12:50:41,015 INFO apps.Notifications.views Unread notification count requested: user_id=15 count=13
2026-08-13 12:51:41,013 INFO apps.Notifications.views Unread notification count requested: user_id=15 count=13
2026-08-13 12:52:41,012 INFO apps.Notifications.views Unread notification count requested: user_id=15 count=13
2026-08-13 12:53:41,020 INFO apps.Notifications.views Unread notification count requested: user_id=15 count=13
2026-08-13 12:54:40,979 INFO apps.Notifications.views Unread notification count requested: user_id=15 count=13
2026-08-13 12:55:40,980 INFO apps.Notifications.views Unread notification count requested: user_id=15 count=13
2026-08-13 12:56:41,008 INFO apps.Notifications.views Unread notification count requested: user_id=15 count=13
2026-08-13 12:57:40,989 INFO apps.Notifications.views Unread notification count requested: user_id=15 count=13
2026-08-13 12:58:41,001 INFO apps.Notifications.views Unread notification count requested: user_id=15 count=13
2026-08-13 19:00:33,784 INFO apps.Account.views Home page requested: user_id=51
2026-08-13 19:00:33,791 INFO apps.Account.views Home page rendered: user_id=51 posts=0 stories=0
2026-08-13 19:00:35,747 INFO apps.Account.views Home page requested: user_id=52
2026-08-13 19:00:35,753 INFO apps.Account.views Home page rendered: user_id=52 posts=0 stories=0
2026-08-13 19:00:37,673 INFO apps.Account.views Home page requested: user_id=53
2026-08-13 19:00:37,685 INFO apps.Account.views Home page rendered: user_id=53 posts=2 stories=0
2026-08-13 19:00:40,591 INFO apps.Account.views Home page requested: user_id=54
2026-08-13 19:00:40,597 INFO apps.Account.views Home page rendered: user_id=54 posts=0 stories=0
2026-08-13 19:00:43,481 INFO apps.Account.views Home page requested: user_id=56
2026-08-13 19:00:43,486 INFO apps.Account.views Home page rendered: user_id=56 posts=0 stories=0
2026-08-13 19:00:46,369 INFO apps.Account.views Home page requested: user_id=58
2026-08-13 19:00:46,380 INFO apps.Account.views Home page rendered: user_id=58 posts=1 stories=0
2026-08-13 19:00:48,316 INFO apps.Account.views Home page requested: user_id=60
2026-08-13 19:00:48,324 INFO apps.Account.views Home page rendered: user_id=60 posts=1 stories=0
2026-08-13 19:00:48,343 WARNING apps.Account.views Signup validation failed
2026-08-13 19:00:49,341 INFO apps.Account.views User registered successfully: user_id=61
2026-08-13 19:00:49,341 INFO apps.Account.views Queueing welcome email: user_id=61
2026-08-13 19:00:51,260 INFO apps.Account.views User registered successfully: user_id=62
2026-08-13 19:00:51,260 INFO apps.Account.views Queueing welcome email: user_id=62
2026-08-13 19:00:52,217 INFO apps.Account.views Home page requested: user_id=62
2026-08-13 19:00:52,223 INFO apps.Account.views Home page rendered: user_id=62 posts=0 stories=0
2026-08-13 19:00:53,187 INFO apps.Account.views User registered successfully: user_id=63
2026-08-13 19:00:53,187 INFO apps.Account.views Queueing welcome email: user_id=63
2026-08-13 19:00:54,143 INFO apps.Account.views Home page requested: user_id=63
2026-08-13 19:00:54,149 INFO apps.Account.views Home page rendered: user_id=63 posts=0 stories=0
2026-08-13 19:00:55,158 WARNING apps.Account.views Login failed: invalid credentials or form data
2026-08-13 19:00:59,957 INFO apps.Account.views User login successful: user_id=66
2026-08-13 19:01:02,827 INFO apps.Account.views User login successful: user_id=67
2026-08-13 19:01:02,832 INFO apps.Account.views Home page requested: user_id=67
2026-08-13 19:01:02,838 INFO apps.Account.views Home page rendered: user_id=67 posts=0 stories=0
2026-08-13 19:01:05,703 INFO apps.Account.views User login successful: user_id=68
2026-08-13 19:01:05,708 INFO apps.Account.views Home page requested: user_id=68
2026-08-13 19:01:05,714 INFO apps.Account.views Home page rendered: user_id=68 posts=0 stories=0
2026-08-13 19:01:10,502 INFO apps.Account.views User logout: user_id=70
2026-08-13 19:01:12,422 INFO apps.Account.views User logout: user_id=71
2026-08-13 19:01:14,338 INFO apps.Account.views User logout: user_id=72
2026-08-13 19:01:14,342 WARNING apps.Account.views Login failed: invalid credentials or form data
2026-08-13 19:01:32,673 WARNING apps.Account.views Profile update validation failed: user_id=83
2026-08-13 19:01:34,605 WARNING apps.Account.views Profile update validation failed: user_id=84
2026-08-13 19:01:36,532 INFO apps.Account.views Profile update successful: user_id=85
2026-08-13 19:01:38,468 INFO apps.Account.views Profile update successful: user_id=86
2026-08-13 19:01:40,398 INFO apps.Account.views Profile update successful: user_id=87
2026-08-13 19:02:30,871 INFO apps.Notifications.views Notifications viewed: user_id=136 total=1 marked_as_read=1
2026-08-13 19:02:33,746 INFO apps.Notifications.views Notifications viewed: user_id=138 total=1 marked_as_read=1
2026-08-13 19:02:37,574 INFO apps.Notifications.views Notifications viewed: user_id=140 total=1 marked_as_read=1
2026-08-13 19:02:40,452 INFO apps.Notifications.views Unread notification count requested: user_id=143 count=2
2026-08-13 19:02:43,325 INFO apps.Notifications.views Unread notification count requested: user_id=145 count=1
2026-08-13 19:02:45,250 INFO apps.Notifications.views Unread notification count requested: user_id=146 count=0
2026-08-13 19:03:11,577 INFO apps.Stories.views Story created: story_id=7 user_id=172
2026-08-13 19:03:13,493 INFO apps.Stories.views Add story page viewed: user_id=173
2026-08-13 19:03:15,418 INFO apps.Stories.views Story list viewed: user_id=174 story_count=1
2026-08-13 19:03:17,363 INFO apps.Stories.views Story deleted: story_id=9 user_id=175
2026-08-13 19:03:36,641 INFO apps.comments.views Comments page viewed: post_id=23 user_id=193
2026-08-13 19:03:38,571 INFO apps.comments.views Comment created: comment_id=13 post_id=24 user_id=194
2026-08-13 19:03:40,513 INFO apps.comments.views Comment created: comment_id=15 post_id=25 user_id=195
2026-08-13 19:03:42,439 INFO apps.comments.views Comments page viewed: post_id=26 user_id=196
2026-08-13 19:03:43,407 WARNING apps.comments.views Unauthenticated comment submission: post_id=27
2026-08-13 19:03:45,333 INFO apps.comments.views Comment deleted: comment_id=18 post_id=28 user_id=198
2026-08-13 19:03:48,213 INFO apps.comments.views Comment deleted: comment_id=19 post_id=29 user_id=199
2026-08-13 19:03:52,038 WARNING apps.comments.views Unauthorized comment deletion attempt: comment_id=20 post_id=30 user_id=203
2026-08-13 19:04:12,432 INFO apps.posts.views Post created successfully: post_id=47 user_id=223 media_count=1
2026-08-13 19:04:14,352 WARNING apps.posts.views Post creation failed: no media uploaded, user_id=224
2026-08-13 19:04:16,276 WARNING apps.posts.views Post creation failed: unsupported file type user_id=225 file=file.svg content_type=image/svg+xml
2026-08-13 19:04:18,196 INFO apps.posts.views Post deletion authorized: post_id=48 user_id=226
2026-08-13 19:04:21,100 WARNING apps.posts.views Unauthorized post deletion attempt: post_id=49 user_id=228 owner_id=227
2026-08-13 19:04:23,040 INFO apps.posts.views Post liked: post_id=50 user_id=229
2026-08-13 19:04:24,964 INFO apps.posts.views Post unliked: post_id=51 user_id=230
2026-08-13 19:04:26,890 INFO apps.posts.views Post detail viewed: post_id=52 user_id=231
2026-08-13 19:04:28,834 INFO apps.posts.views Post edit authorized: post_id=53 user_id=232
2026-08-13 19:04:31,733 WARNING apps.posts.views Unauthorized post edit attempt: post_id=54 user_id=234 owner_id=233
